-- phpMyAdmin SQL Dump
-- version 4.0.6deb1
-- http://www.phpmyadmin.net
--
-- Host: localhost
-- Generation Time: Apr 13, 2014 at 02:32 AM
-- Server version: 5.5.35-0ubuntu0.13.10.2
-- PHP Version: 5.5.3-1ubuntu2.3

SET SQL_MODE = "NO_AUTO_VALUE_ON_ZERO";
SET time_zone = "+00:00";


/*!40101 SET @OLD_CHARACTER_SET_CLIENT=@@CHARACTER_SET_CLIENT */;
/*!40101 SET @OLD_CHARACTER_SET_RESULTS=@@CHARACTER_SET_RESULTS */;
/*!40101 SET @OLD_COLLATION_CONNECTION=@@COLLATION_CONNECTION */;
/*!40101 SET NAMES utf8 */;

--
-- Database: `gis`
--

-- --------------------------------------------------------

--
-- Table structure for table `addresses`
--

CREATE TABLE IF NOT EXISTS `addresses` (
    `id` int(10) NOT NULL AUTO_INCREMENT,
  `cafe_id` int(10) NOT NULL,
  `street` varchar(50) DEFAULT NULL,
  `building` varchar(10) DEFAULT NULL,
  `longitude` decimal(18,16) DEFAULT NULL,
  `latitude` decimal(18,16) DEFAULT NULL,
  PRIMARY KEY (`id`),
  UNIQUE KEY `cafe_id` (`cafe_id`)
) ENGINE=InnoDB DEFAULT CHARSET=utf8;

--
-- Dumping data for table `addresses`
--

INSERT INTO `addresses` (`cafe_id`, `street`, `building`, `longitude`, `latitude`) VALUES
(11692, 'Каслинская ул.', '99в', 61.3987919802915100, 55.1765419802915000),
(11693, 'ул. Коммуны', '87', 61.3990799802915100, 55.1633229802915000),
(11694, 'пр. Металлургов', '4', 61.4030809802915100, 55.2526009802915000),
(11695, 'пр. Ленина', '35', 61.4163229802915000, 55.1612939802915000),
(11696, 'Гражданская ул.', '14', 61.4235959802915100, 55.1380289802915000),
(11697, 'ул. Сони Кривой', '49б', 61.3862459802915100, 55.1588719802915000),
(11698, 'ул. Лесопарковая', '15', 61.3672149802915100, 55.1518439802915000),
(11699, 'пр. Кирова', '177', 61.4025969802915000, 55.1623849802915000),
(11700, 'ул. Цвиллинга', '81', 61.4153039802915000, 55.1467629802914900),
(11701, 'пр. Ленина', '21/а', 61.4278209802915100, 55.1612819802914900),
(11702, 'Свердловский пр.', '70', 61.3893409802915000, 55.1619139802914900),
(11703, 'ул. Энгельса', '65', 61.3838329802915000, 55.1619459802915000),
(11704, 'ул. Свободы', '88', 61.4150149802915100, 55.1552319802915000),
(11705, 'пр. Ленина', '35', 61.4163229802915000, 55.1612939802915000),
(11706, 'ул.Елькина', '45а', 61.4001659802915000, 55.1624949802914900),
(11707, 'ул.Кирова', '94', 61.4011309802915100, 55.1657689802915000),
(11708, 'ул. Свободы', '88', 61.4150149802915100, 55.1552319802915000),
(11709, 'ул. Двинская', '8', 61.3532759802915100, 55.1831639802915100),
(11962, 'ул.Молодогвардейцев', '34', 61.3333549802915000, 55.1952129802915000),
(11963, 'ул. Кирова', '163', 61.4025619802915000, 55.1638579802915000),
(11964, 'ул. Чапаева', '114', 61.4052689802915100, 55.0769649802914900),
(11965, 'ул.Молодогвардейцев', '34', 61.3333549802915000, 55.1952129802915000),
(11966, 'пр. Ленина', '35', 61.4163229802915000, 55.1612939802915000),
(11967, 'ул. Лесопарковая', '6', 61.3654749802915100, 55.1515729802914900),
(11968, 'г. Челябинск, ул. Кирова', '82', 61.4013199802915000, 55.1686099802915100),
(11969, 'ул. Братьев Кашириных', '102д', 61.3180479802915100, 55.1801239802914900),
(11970, 'ул. Цвиллинга', '25', 61.4058319802915100, 55.1662109802915000),
(11971, 'ул.Сони Кривой', '69а', 61.3781319802915100, 55.1585179802915000),
(11972, 'ул. Кирова', '161', 61.4029279802915000, 55.1653369802915000),
(11973, 'Советская ул.', '38', 61.4075709802915000, 55.1625139802915000),
(11974, 'Красная ул.', '69', 61.3954439802915100, 55.1604269802915000),
(11975, 'Площадь МОПРа', '10', 61.4189589802915100, 55.1649939802914900),
(11976, 'Ленина пр.', '24А', 61.4388339802915100, 55.1627509802914900),
(11977, 'пр. Ленина', '41а', 61.4150009802915000, 55.1610869802915000),
(11978, 'пл.Мопра', '10', 61.4189589802915100, 55.1649939802914900),
(11979, 'г. Челябинск, ул. Орджоникидзе', '58А', 61.4049849802915000, 55.1538089802915000),
(11982, 'ул. Волочаевская', '59', 61.4625019802915100, 55.1877679802915000),
(11983, 'пр. Ленина', '66а', 61.3818689802915000, 55.1618409802914900),
(11984, 'пр. Ленина', '66а', 61.3818689802915000, 55.1618409802914900),
(11985, 'пр. Свердловский', '51а', 61.3926229802915100, 55.1711389802915000),
(11986, 'шоссе Металлургов', '3Г', 61.4028909802915100, 55.2513399802914900),
(11987, 'ул. Молодогвардейцев', '17', 61.3321999802915000, 55.2014219802915000),
(11988, 'ул. Малогвардейцев', '31', 61.3348559802915100, 55.1895679802914900),
(11989, 'ул. Каслинская', '21', 61.3955469802915000, 55.1884979802915000),
(11990, 'г. Челябинск, ул. Кирова', '161', 61.4029279802915000, 55.1653369802915000),
(11991, 'ул. Братьев Кашириных', '13/', 61.4030623802915000, 55.1749070302915000),
(11992, 'пр. Кирова', '159', 61.4026989802915100, 55.1658749802914900),
(11993, 'Энгельса ул.', '107', 61.3825049802915100, 55.1490659802915100),
(11994, 'ул. Кирова', '163', 61.4025619802915000, 55.1638579802915000),
(11995, 'г. Челябинск, ул. Сталеваров', '32', 61.4037699802915100, 55.2619999802914900),
(11996, 'пр.Комсомольский', '16', 61.3707469802915000, 55.1935729802915000),
(11997, 'ул.Энтузиастов', '4', 61.3763759802915000, 55.1619119802915000),
(11998, 'ул.Красноармейская', '72', 61.4140279802915000, 55.1713489802915000),
(11999, 'ул. Сони Кривой', '83', 61.3697919802915000, 55.1582999802915000),
(12000, 'г. Челябинск', '20', 61.3016639802915100, 55.1806079802914900),
(12001, 'ул. Елькина', '45а', 61.4001659802915000, 55.1624949802914900),
(12002, 'ул. Труда', '153', 61.3973309802915100, 55.1686569802915000),
(12003, 'г. Челябинск, ул. Кирова', '86', 61.4014849802915100, 55.1677379802914900),
(12004, 'г. Челябинск', '46', 61.4354808802915100, 55.1190634802914900),
(12005, 'пр. Ленина', '77', 61.3778339802915000, 55.1606269802915000),
(12006, 'ул. Бажова', '91', 61.4544959802915000, 55.1828039802915000),
(12007, 'ул. Салютная', '23', 61.4495939802915100, 55.1707459802915000),
(12008, 'Комсомольский пр.', '45а', 61.3366289802915100, 55.1952529802915100),
(12009, 'ул. Карла Маркса', '131', 61.3955779802915100, 55.1662629802914900),
(12010, 'пр. Кирова', '102', 61.4017369802915100, 55.1649969802914900),
(12011, 'Победы пр.', '312', 61.3426299802915000, 55.1913519802915100),
(12012, 'ул. Кирова', '94', 61.4011309802915100, 55.1657689802915000),
(12013, 'г. Челябинск, ул. Кирова', '167', 61.4027929802915000, 55.1629999802915000),
(12014, 'Комсомольский просп.', '74', 61.3904519000000000, 55.1969140000000000),
(12015, 'ул. Богдана Хмельницкого', '10', 61.3973589802915000, 55.2600969802914900),
(12016, 'ул.Чайковского', '7', 61.3654249802915000, 55.1947979802915000),
(12017, 'г. Челябинск', '47', 61.4044088802915100, 55.2661359802915000),
(12018, 'ул.Тимирязева', '24', 61.4150479802915000, 55.1600929802915000),
(12019, 'Комсомольский пр.', '111', 61.2891129802915000, 55.1882209802915000),
(12116, 'ул. Свободы', '88Д', 61.4151989802915000, 55.1543889802914900),
(12117, 'Кирова ул.', '27', 61.4032029802915000, 55.1728229802915000),
(12118, 'Комсомольский просп.', '48', 61.3358769802915100, 55.1963279802914900),
(12119, 'пр. Кирова', '161а', 61.4024669802915100, 55.1651829802914900),
(12120, 'ул.Энгельса', '42', 61.3820929802915100, 55.1560719802914900),
(12121, 'ул. Тимирязева', '28', 61.4090789802915000, 55.1596149802915000),
(12122, 'пр.Ленина', '59', 61.3980349802915100, 55.1611699802915000),
(12123, 'ул.Комуны, д.100 (парк Гагарина', '100', 61.3945902802915000, 55.1639622802915000),
(12124, 'ул. Горького', '3', 61.4422929802915000, 55.1637759802915000),
(12125, 'г. Челябинск, ул. 50 лет ВЛКСМ', '50', 58.9814519802915000, 55.0405509802915000),
(12126, 'ул. Цвиллинга', '25', 61.4058319802915100, 55.1662109802915000),
(12127, 'просп. Ленина', '66А', 61.3818689802915000, 55.1618409802914900),
(12241, 'Гагарина', '55А', 61.4374149802915100, 55.1187699802915000),
(12242, 'Труда', '30а', 61.4231019802915000, 55.1699349802914900),
(12243, 'Салавата Юлаева', '20', 61.2778279802915100, 55.1908639802915000),
(12244, 'Энгельса', '44', 61.3825549802915000, 55.1555369802915000),
(12245, 'Молдавская', '16', 61.3046969802915000, 55.1919139802915100),
(12246, 'Братьев Кашириных', '12', 61.4030349802915000, 55.1752099802915000),
(12247, 'пр. Ленина', '64', 61.3852749802915100, 55.1619829802915000),
(12248, 'Кирова', '159', 61.4026989802915100, 55.1658749802914900),
(12249, 'Пр. Ленина', '68', 61.3782269802915000, 55.1617829802915000),
(12250, 'Кирова', '84', 61.4013499802915100, 55.1683839802914900),
(12251, 'Свободы', '155', 61.4168139802915100, 55.1544479802915000),
(12252, 'Крупской', '46', 61.3880259802915100, 55.1491629802915000),
(12253, 'Тимирязева', '24', 61.4150479802915000, 55.1600929802915000),
(12254, 'Труда', '183', 61.3748979802915100, 55.1684899802915000),
(12255, 'Энтузиастов', '11', 61.3777529802915000, 55.1575269802915000),
(12256, 'Свободы', '66', 61.4123909802915000, 55.1622789802915100),
(12279, 'Кирова', '161', 61.4029279802915000, 55.1653369802915000),
(12280, 'Энтузиастов', '4', 61.3763759802915000, 55.1619119802915000),
(12281, 'Кирова', '161', 61.4029279802915000, 55.1653369802915000),
(12282, 'Университетская набережная', '76', 61.3028959802915100, 55.1680669802915000),
(12283, 'Труда', '183', 61.3748979802915100, 55.1684899802915000),
(12284, 'Свердловский пр.', '88', 61.3908330802914900, 55.1546902302915000),
(12285, 'Бр. Кашириных', '163', 61.5909059999999900, 55.3186459999999900),
(12286, 'Молодогвардейцев', '60д', 61.3306019802915000, 55.1851979802914900),
(12287, 'Плеханова', '45', 61.4101709802915100, 55.1561139802914900),
(12288, 'Хуторная', '70/', 61.4243048000000000, 55.1109539802915000),
(12289, 'Кирова', '161', 61.4029279802915000, 55.1653369802915000),
(12290, 'Академика Сахарова', '11', 61.2994709802915000, 55.1603169802914900),
(12291, 'Новороссиийская', '83', 61.4540919802915100, 55.1150459802914900),
(12295, 'Академика Королева', '1', 61.3029699802915100, 55.1638849802915100),
(12296, 'пр.Ленина', '64', 61.3852749802915100, 55.1619829802915000),
(12297, 'Цвиллинга', '38', 61.4066859802915000, 55.1605699802915000),
(12298, 'Свободы', '88', 61.4150149802915100, 55.1552319802915000),
(12299, 'Елькина', '65а', 61.4002739802915000, 55.1538409802915000),
(12300, 'Бажова', '91', 61.4544959802915000, 55.1828039802915000),
(12301, 'Ленина пр.', '77', 61.3778339802915000, 55.1606269802915000),
(12302, 'ул. 3 Интернационала', '105', 61.4227479802915000, 55.1687399802915100),
(12303, 'Кирова', '143', 61.4024649802915000, 55.1670529802915000),
(12307, 'Энтузиастов', '11в', 61.3786199802915000, 55.1574709802914900),
(12308, 'Коммуны', '100', 61.3784299302915200, 55.1634889302915100),
(12309, 'Коммуны', '60', 61.4002149802915100, 55.1643229802915000),
(12310, 'Свердловский пр.', '51а', 61.3926229802915100, 55.1711389802915000),
(12311, 'Труда', '183', 61.3748979802915100, 55.1684899802915000),
(12312, 'ул. Красная', '71', 61.3954599802915000, 55.1598489802914900),
(12313, 'Энтузиастов', '15д', 61.3782379802915100, 55.1536689802915000),
(12314, 'Пр.Ленина', '61', 61.3962509802915000, 55.1611099802914900),
(12315, 'Академика Сахарова', '11', 61.2994709802915000, 55.1603169802914900),
(12316, 'Пр.Ленина', '50', 61.4091029802915000, 55.1621909802914900),
(12317, 'Молдавская', '16', 61.3046969802915000, 55.1919139802915100),
(12318, 'Труда', '153', 61.3973309802915100, 55.1686569802915000),
(12319, 'Кирова', '159', 61.4026989802915100, 55.1658749802914900),
(12320, 'Кирова', '161а', 61.4024669802915100, 55.1651829802914900),
(12321, 'Комсомольский проспект', '24', 61.3593659802915000, 55.1950649802914900),
(12322, 'С.Кривой', '83/Тернопо', 61.3697919802915000, 55.1582999802915000),
(12323, 'Аношкина', '4', 61.5909059999999900, 55.3186459999999900),
(12324, 'Труда', '105', 61.4009459802915100, 55.1689969802915100),
(12325, 'Свердловский пр.', '51а', 61.3926229802915100, 55.1711389802915000),
(12326, 'Бр.Кашириных', '156', 61.5909059999999900, 55.3186459999999900),
(12327, '40 лет Победы', '35', 60.4111720000000000, 54.9634140000000100),
(12328, 'Труда', '183', 61.3748979802915100, 55.1684899802915000),
(12329, 'Чайковского', '58', 61.3528889802915000, 55.1809699802915000),
(12330, 'Ленина пр.', '75', 61.3797429802915000, 55.1605559802915000),
(12331, 'Молодогвардейцев', '34', 61.3333549802915000, 55.1952129802915000),
(12332, 'Каслинская', '99д', 61.3976119802915100, 55.1768919802915000),
(12333, 'Ленина', '71а', 61.3837229802915000, 55.1607649802915100),
(12334, 'Братьев Каширина', '158', 61.2952979802915000, 55.1655829802915000),
(12337, 'Ленина', '51', 61.4079799802915000, 55.1614329802915000),
(12338, 'Елькина', '45а', 61.4001659802915000, 55.1624949802914900),
(12339, 'Российская', '67', 61.4174029802915000, 55.1727069802914900),
(12340, 'Троицкий тракт', '54', 61.3894199802915000, 55.1071519802915000),
(12341, 'Ленина', '35', 61.4163229802915000, 55.1612939802915000),
(12342, 'Дзержинского', '93', 61.4356919802915100, 55.1325189802915100),
(12343, 'Чапаева', '114', 61.4488058302915000, 55.1182972802914900),
(12344, 'Энтузиастов', '26', 61.3773309802915000, 55.1526539802915000),
(12345, 'Кирова', '139', 61.4022359802915000, 55.1674779802914900),
(12346, 'Гагарина', '6', 61.4444139802915100, 55.1448699802915000),
(12347, 'Воровского', '6', 61.3965659802915000, 55.1587379802915000),
(12348, 'Героев Танкограда', '33', 61.4482649802915000, 55.1823219802915000),
(12351, 'Цвиллинга', '20', 61.4052153802915200, 55.1651259302915000),
(12352, 'Свободы', '139', 61.4134459802915000, 55.1613439802915000),
(12353, 'кафе находится на оз.Б.Кременкуль', '9км', 61.5909059999999900, 55.3186459999999900),
(12354, 'Молдавская', '16', 61.3046969802915000, 55.1919139802915100),
(12355, 'Орджоникидзе', '58а', 61.4049849802915000, 55.1538089802915000),
(12356, 'Ленина', '35', 61.4163229802915000, 55.1612939802915000),
(12357, 'Академика Королева', '10', 61.3012769802915000, 55.1654639802915000),
(12358, 'пр. Ленина', '26А', 61.4319709802915000, 55.1631139802915000),
(12359, 'Кирова', '80', 61.4007519802915100, 55.1687429802915000),
(12360, 'Салавата Юлаева', '28', 61.2948979302915000, 55.1733992302915000),
(12365, 'Молдавская', '16', 61.3046969802915000, 55.1919139802915100),
(12366, 'ул Энтузиастов', '12', 61.3767509802915000, 55.1581639802914900),
(12367, 'Труда', '156', 61.3935189302915100, 55.1688108802915000),
(12368, 'Сони Кривой', '83', 61.3697919802915000, 55.1582999802915000),
(12369, 'Каслинская', '27', 61.3961589802915000, 55.1832509802915000),
(12370, 'пр. Ленина', '26А', 61.4319709802915000, 55.1631139802915000),
(12371, 'пр.Ленина', '26А', 61.4319709802915000, 55.1631139802915000),
(12372, 'Кирова', '82', 61.4013199802915000, 55.1686099802915100),
(12373, 'Богдана Хмельницкого', '4', 61.4035129802915100, 55.2601779802914900),
(12374, 'Молдавская', '16', 61.3046969802915000, 55.1919139802915100),
(12375, 'Салавата Юлаева', '17г', 61.2903959802915100, 55.1773719802915000),
(12381, 'Труда', '105', 61.4009459802915100, 55.1689969802915100),
(12382, 'Труда', '105', 61.4009459802915100, 55.1689969802915100),
(12383, 'Чайковского', '7', 61.3654249802915000, 55.1947979802915000),
(12384, 'Б.Хмельницкого', '10а', 61.6101194802915000, 55.1281054302914900),
(12385, 'Каслинская', '64', 61.3938999802915000, 55.1745589802915000),
(12386, 'Героев Танкограда', '75', 61.4554159802915000, 55.1716739802914900),
(12387, 'Кирова', '82', 61.4013199802915000, 55.1686099802915100),
(12566, 'Кирова', '90', NULL, NULL),
(12676, '60 лет Октября', '26', 60.1045239802915000, 55.0147219802915000),
(12680, 'Цвиллинга', '34', 61.4047499802915100, 55.1630279802915000),
(12681, 'Энгельса', '107', 61.3825049802915100, 55.1490659802915100),
(12682, 'Красная', '48', 61.3948759802915100, 55.1575229802915000),
(12683, 'Энтузиастов', '11', 61.3777529802915000, 55.1575269802915000),
(12684, 'Энтузиастов', '36а', 61.3777189802915000, 55.1485989802915000),
(12685, 'Лесопарковая', '7', 61.3665890302915100, 55.1515971802915000),
(12686, 'пр. Ленина', '54', 61.4038089802915100, 55.1621809802915000),
(12687, 'Блюхера', '56', 61.3692466802915100, 55.1323018802915000),
(12688, 'Кирова', '94', 61.4011309802915100, 55.1657689802915000),
(12690, 'Сони Кривой', '73', NULL, NULL),
(12691, 'Пр.Ленина', '63', 61.3941379802915000, 55.1610769802915000),
(12692, 'Свободы', '30', 61.4117159802915000, 55.1675759802915000),
(12693, 'Сони Кривой', '69', 61.3781319802915100, 55.1585179802915000),
(12694, 'Цвиллинга', '25', 61.4058319802915100, 55.1662109802915000),
(12695, 'Цвиллинга', '44', 61.4076399802915100, 55.1585049802915000),
(12696, 'Академика Королева', '3', 61.3013309802915000, 55.1639709802915100),
(12697, 'Бейвеля', '6', 61.2822519802915100, 55.1941969802914900),
(12698, 'Жукова', '1', 61.3930929802915100, 55.2611459802915100),
(12699, 'Свердловский тракт', '7б', 61.3881769802915000, 55.1994429802914900),
(12700, 'Кирова', '117', 61.4015757802915200, 55.1691817302915000),
(12701, 'Комсомольский пр.', '112', 61.2900839802915100, 55.1900279802915000),
(12702, 'Энтузиастов', '11В', 61.3786199802915000, 55.1574709802914900),
(12703, 'Каслинская', '40', 61.3950099802915000, 55.1865579802915000),
(12704, 'пр. Ленина', '51', 61.4079799802915000, 55.1614329802915000),
(12705, 'Академика Королева', '3', 61.3013309802915000, 55.1639709802915100),
(12706, 'пр. Ленина', '66а', 61.3818689802915000, 55.1618409802914900),
(12707, 'Ленина', '63', 61.3941379802915000, 55.1610769802915000),
(12708, 'Героев Танкограда', '118/', 61.4531839802915100, 55.1707669802915000),
(12709, 'Молодогвардейцев', '48', 61.3333779802915000, 55.1916549802915100),
(12710, 'Воровского', '6', 61.3965659802915000, 55.1587379802915000),
(12712, 'Бр. Кашириных', '85', 61.5909059999999900, 55.3186459999999900),
(12713, 'пр.Ленина', '35', 61.4163229802915000, 55.1612939802915000),
(12715, 'Труда ул', '183', 61.3748979802915100, 55.1684899802915000),
(12716, 'Жукова', '5', 61.3928219802915000, 55.2601509802915100),
(12717, 'Труда', '91', 61.4078589802915100, 55.1692109802915100),
(12718, 'Косарева', '56', 61.3732559802915000, 55.1801149802914900),
(12720, 'Труда', '153', 61.3973309802915100, 55.1686569802915000),
(12721, 'Пушкина', '48', 61.4098449802915100, 55.1634269802915000),
(12722, 'Кирова', '104', 61.4016729802915000, 55.1646169802914900),
(12723, 'пр. Победы', '293а', 61.3231239802915100, 55.1892259802915100),
(12724, 'Артиллерийская', '136', 61.4323749802915000, 55.1654909802915000),
(12725, 'Труда', '179', 61.3830417302915100, 55.1688763302915000),
(12726, 'Воровского', '61б', 61.3820859802915100, 55.1461179802914900),
(12727, 'Кирова', '108', 61.4011289802915100, 55.1638529802915000),
(12729, 'Каслинская', '5', 61.3945759802915000, 55.1938489802914900),
(12730, 'Доватора', '11', 61.4042511802915000, 55.1392960302915000),
(12731, 'Карла Маркса', '131', 61.3955779802915100, 55.1662629802914900),
(12732, 'Советская', '36', 61.4075289802915000, 55.1635569802915000),
(12733, 'Салютная', '10', 61.4542449802915000, 55.1740399802915000),
(12734, 'Свердловский пр.', '59', 61.3923239802915000, 55.1660369802914900),
(12735, 'ул.Чапаева', '114', 61.4052689802915100, 55.0769649802914900),
(12736, 'Троицкий тракт', '53', 61.3886547802915000, 55.1071260802915100),
(12737, 'Цвиллинга', '5', 61.4053209802915000, 55.1685279802915000),
(12738, 'Хлебозаводская', '7', 61.4202069802915000, 55.2426509802915000),
(12739, 'Сони Кривой', '83', 61.3697919802915000, 55.1582999802915000),
(12741, 'Богдана Хмельницкого', '17/', 61.3935089802915100, 55.2588779802914900),
(12743, 'Плеханова', '45', 61.4101709802915100, 55.1561139802914900),
(12744, 'Хлебозаводская', '15', 61.4104373802915000, 55.2477835302915100),
(12745, 'Молодогвардейцев', '34', 61.3333549802915000, 55.1952129802915000),
(12746, 'Комарова', '137', 61.4579329802915000, 55.1751799802915000),
(12747, 'Воровского', '36', 61.3860589802915000, 55.1506019802915000);

-- --------------------------------------------------------

--
-- Table structure for table `cafes`
--

CREATE TABLE IF NOT EXISTS `cafes` (
  `id` int(10) NOT NULL AUTO_INCREMENT,
  `name` varchar(50) NOT NULL,
  `phones` varchar(30) DEFAULT NULL,
  `min_price` smallint(6) DEFAULT NULL,
  PRIMARY KEY (`id`),
  UNIQUE KEY `name` (`name`)
) ENGINE=InnoDB  DEFAULT CHARSET=utf8 AUTO_INCREMENT=12844 ;

--
-- Dumping data for table `cafes`
--

INSERT INTO `cafes` (`id`, `name`, `phones`, `min_price`) VALUES
(11692, 'Abyss', NULL, NULL),
(11693, 'Bad Gastein', NULL, NULL),
(11694, 'Belfast', NULL, NULL),
(11695, 'Cafe Vintage', NULL, NULL),
(11696, 'Coco Bongo', NULL, NULL),
(11697, 'Dekameron', NULL, NULL),
(11698, 'D`or', NULL, NULL),
(11699, 'Fox&Goose', NULL, NULL),
(11700, 'Galleria Venezia', NULL, NULL),
(11701, 'IL GUSTO', NULL, NULL),
(11702, 'Jackson`s bar&grill ', NULL, NULL),
(11703, 'Karma', NULL, NULL),
(11704, 'King`s Cross', NULL, NULL),
(11705, 'La Cucaracha ', NULL, NULL),
(11706, 'Las Margaritas', NULL, NULL),
(11707, 'Only', NULL, NULL),
(11708, 'Papa Carlo', NULL, NULL),
(11709, 'Saigon', NULL, NULL),
(11962, 'Soho-bar', NULL, 500),
(11963, 'Sушка', NULL, NULL),
(11964, 'Tobacco', ' 262-29-67', 500),
(11965, 'Victoria Gourment', NULL, 500),
(11966, 'VINTAGE', ' 265-83-38', 500),
(11967, 'Voice', ' 65-44-51', 2500),
(11968, 'Wall Street ', NULL, 500),
(11969, 'Western', ' 731-22-61', 1000),
(11970, 'Wok-cafe', ' (351) 245-26-46', 1000),
(11971, 'Yoko Bank`a', ' 262-88-55', 500),
(11972, 'ZanziBar', ' 231-56-18', 500),
(11973, 'Авиньон', NULL, NULL),
(11974, 'Амазонка', NULL, NULL),
(11975, 'Антипаб Russ-House [Изба]', NULL, NULL),
(11976, 'Арго', NULL, NULL),
(11977, 'Аристократ', NULL, NULL),
(11978, 'Астория', NULL, NULL),
(11979, 'Белая лошадь', NULL, NULL),
(11982, 'Болгарский дом', NULL, NULL),
(11983, 'Боулинг клуб', NULL, NULL),
(11984, 'Васаби', NULL, NULL),
(11985, 'Винил-Кафе', NULL, NULL),
(11986, 'Гамбринус', NULL, NULL),
(11987, 'ГлавПивТрест', NULL, NULL),
(11988, 'Грильяж', NULL, NULL),
(11989, 'Гулливер', NULL, NULL),
(11990, 'Дежа Вю', NULL, NULL),
(11991, 'Дракон', NULL, NULL),
(11992, 'Едок', NULL, NULL),
(11993, 'Ермак', NULL, NULL),
(11994, 'Журавлина', NULL, NULL),
(11995, 'Замок Атоса', NULL, NULL),
(11996, 'Золотая Русь', NULL, NULL),
(11997, 'Золотой теленок', NULL, NULL),
(11998, 'Кавказская кухня', NULL, NULL),
(11999, 'КамIN', NULL, NULL),
(12000, 'Капитан Флинт', NULL, NULL),
(12001, 'Кекс', NULL, NULL),
(12002, 'Клеопатра', NULL, NULL),
(12003, 'Кофеин', NULL, NULL),
(12004, 'Лайма', NULL, NULL),
(12005, 'Лаки Смайл', NULL, NULL),
(12006, 'Лион', NULL, NULL),
(12007, 'Людмила', NULL, NULL),
(12008, 'Малибу', NULL, NULL),
(12009, 'Маркштадт', NULL, NULL),
(12010, 'Масляница', NULL, NULL),
(12011, 'Мистер Икс', NULL, NULL),
(12012, 'На старом месте', NULL, NULL),
(12013, 'Немо', NULL, NULL),
(12014, 'Ново Кафе', NULL, NULL),
(12015, 'Одиссей', NULL, NULL),
(12016, 'Остап Бендер', NULL, NULL),
(12017, 'Отдых', NULL, NULL),
(12018, 'Пантагрюэль', NULL, NULL),
(12019, 'Патриот', NULL, NULL),
(12116, 'Причал', NULL, NULL),
(12117, 'Ребрышковая', NULL, NULL),
(12118, 'Ричард', NULL, NULL),
(12119, 'Робин-Бобин ', NULL, NULL),
(12120, 'Севан', NULL, NULL),
(12121, 'Сицилия', NULL, NULL),
(12122, 'Сова', NULL, NULL),
(12123, 'Солярис', NULL, NULL),
(12124, 'Старая команда', NULL, NULL),
(12125, 'Сфера', NULL, NULL),
(12126, 'Товарищ', NULL, NULL),
(12127, 'Уральские пельмени', NULL, NULL),
(12241, '007', NULL, NULL),
(12242, '2 Этаж', NULL, NULL),
(12243, '4 сезона', NULL, NULL),
(12244, 'A-café', NULL, NULL),
(12245, 'Acafe', NULL, NULL),
(12246, 'Al Capone', NULL, NULL),
(12247, 'Alexander Home RestoBar и Легенда Bar', NULL, NULL),
(12248, 'Ambassador', NULL, NULL),
(12249, 'Attimo', NULL, NULL),
(12250, 'Baccara', NULL, NULL),
(12251, 'Barbaris', NULL, NULL),
(12252, 'Best Seller', NULL, NULL),
(12253, 'Borgo', NULL, NULL),
(12254, 'Brooklyn', NULL, NULL),
(12255, 'Cabaret', NULL, NULL),
(12256, 'Chinggis Khaan', NULL, NULL),
(12279, 'D-club', NULL, NULL),
(12280, 'Da Vinci', NULL, NULL),
(12281, 'Deja-Vu', NULL, NULL),
(12282, 'Dirigeable', NULL, NULL),
(12283, 'Do-re-mi', NULL, NULL),
(12284, 'Donald', NULL, NULL),
(12285, 'Family Grill', NULL, NULL),
(12286, 'Gold Sky', NULL, NULL),
(12287, 'Granat', NULL, NULL),
(12288, 'Grand Royal', NULL, NULL),
(12289, 'GRAND кафе', NULL, NULL),
(12290, 'Green Pelican Pub', NULL, NULL),
(12291, 'Gusto Место', NULL, NULL),
(12295, 'ItiKan', NULL, NULL),
(12296, 'Jackson''s bar&grill', NULL, NULL),
(12297, 'Kamakura', NULL, NULL),
(12298, 'King’s Cross', NULL, NULL),
(12299, 'Koonjoot', NULL, NULL),
(12300, 'Lion', NULL, NULL),
(12301, 'Lucky Smile', NULL, NULL),
(12302, 'Martinn', NULL, NULL),
(12303, 'Meet.Point', NULL, NULL),
(12307, 'Mini Panini', NULL, NULL),
(12308, 'Mix Pizza', NULL, NULL),
(12309, 'Moravský vrabec', NULL, NULL),
(12310, 'Moskva', NULL, NULL),
(12311, 'NikaBowl', NULL, NULL),
(12312, 'Over Time', NULL, NULL),
(12313, 'O`K', NULL, NULL),
(12314, 'Panini', NULL, NULL),
(12315, 'Pasta Wok', NULL, NULL),
(12316, 'Pizza House', NULL, NULL),
(12317, 'Pizza дня', NULL, NULL),
(12318, 'Portofino', NULL, NULL),
(12319, 'POSTMAN CATERING', NULL, NULL),
(12320, 'Pretty Betty', NULL, NULL),
(12321, 'PRO-SUSHI', NULL, NULL),
(12322, 'R.E.D.', NULL, NULL),
(12323, 'Red Lion', NULL, NULL),
(12324, 'ROME', NULL, NULL),
(12325, 'Roxy Bar', NULL, NULL),
(12326, 'SanRemo', NULL, NULL),
(12327, 'SAO TAO', NULL, NULL),
(12328, 'Satori', NULL, NULL),
(12329, 'Serenada', NULL, NULL),
(12330, 'Shury Mury', NULL, NULL),
(12331, 'Soho Bar', NULL, NULL),
(12332, 'Soprano', NULL, NULL),
(12333, 'Stolle', NULL, NULL),
(12334, 'Story', NULL, NULL),
(12337, 'SunTera', NULL, NULL),
(12338, 'TUSSE', NULL, NULL),
(12339, 'Virginia', NULL, NULL),
(12340, 'Vizant', NULL, NULL),
(12341, 'World Trade Center', NULL, NULL),
(12342, 'Аврора', NULL, NULL),
(12343, 'Автограф', NULL, NULL),
(12344, 'Адмирал', NULL, NULL),
(12345, 'Академия суши', NULL, NULL),
(12346, 'Алмаз', NULL, NULL),
(12347, 'Арагац', NULL, NULL),
(12348, 'Баклажан', NULL, NULL),
(12351, 'Балкан Гриль', NULL, NULL),
(12352, 'Блин street', NULL, NULL),
(12353, 'Боярская станица', NULL, NULL),
(12354, 'Брудершафт', NULL, NULL),
(12355, 'Веранда', NULL, NULL),
(12356, 'Веселый кабан', NULL, NULL),
(12357, 'Гости', NULL, NULL),
(12358, 'Гранд отель «ВИДГОФ»', NULL, NULL),
(12359, 'Джеймс Батлер', NULL, NULL),
(12360, 'Зебра', NULL, NULL),
(12365, 'Караван-Сарай', NULL, NULL),
(12366, 'Карамель', NULL, NULL),
(12367, 'Козловица', NULL, NULL),
(12368, 'Компания друзей', NULL, NULL),
(12369, 'Корс', NULL, NULL),
(12370, 'Купол', NULL, NULL),
(12371, 'Кураж', NULL, NULL),
(12372, 'Лунный свет', NULL, NULL),
(12373, 'Мамина кухня', NULL, NULL),
(12374, 'Мегалэнд', NULL, NULL),
(12375, 'Мелиот', NULL, NULL),
(12381, 'Ничего личного', NULL, NULL),
(12382, 'Ну', NULL, NULL),
(12383, 'О.Бендеръ', NULL, NULL),
(12384, 'Папина кухня', NULL, NULL),
(12385, 'Пиццамания', NULL, NULL),
(12386, 'Победа', NULL, NULL),
(12387, 'Потерянное общество', NULL, NULL),
(12566, 'Oscar', NULL, NULL),
(12624, 'Лапшичная № 1 Pasta Wok', NULL, NULL),
(12641, 'Пицца Roma', NULL, NULL),
(12653, 'Премьер', NULL, NULL),
(12654, 'Променад', NULL, NULL),
(12655, 'Пятница', NULL, NULL),
(12656, 'Рояль', NULL, NULL),
(12657, 'Сахар', NULL, NULL),
(12658, 'Славянка', NULL, NULL),
(12659, 'Смена', NULL, NULL),
(12660, 'Старый Ереван', NULL, NULL),
(12666, 'Сытый самурай', NULL, NULL),
(12667, 'ТориС', NULL, NULL),
(12668, 'Трактир на Горького', NULL, NULL),
(12669, 'Трактор', NULL, NULL),
(12670, 'Утес', NULL, NULL),
(12671, 'Хайям', NULL, NULL),
(12672, 'Чайхана', NULL, NULL),
(12673, 'Челяба', NULL, NULL),
(12674, 'Шерхан', NULL, NULL),
(12675, 'Эсмеральда', NULL, NULL),
(12676, '3D club', NULL, NULL),
(12677, '7 Пятниц', NULL, NULL),
(12680, 'Angel', NULL, NULL),
(12681, 'AngelA', NULL, NULL),
(12682, 'BakerStreet', NULL, NULL),
(12683, 'Barbaresco', NULL, NULL),
(12684, 'Basilio', NULL, NULL),
(12685, 'Belochka', NULL, NULL),
(12686, 'Blueberry', NULL, NULL),
(12687, 'Brumby', NULL, NULL),
(12688, 'Bukowski', NULL, NULL),
(12690, 'Chalet', NULL, NULL),
(12691, 'Chin-Chin', NULL, NULL),
(12692, 'Chinese Rose', NULL, NULL),
(12693, 'Citybar', NULL, NULL),
(12694, 'Cloks', NULL, NULL),
(12695, 'Coolbikes', NULL, NULL),
(12696, 'DJ Gold', NULL, NULL),
(12697, 'Ellada Gold', NULL, NULL),
(12698, 'Escobar', NULL, NULL),
(12699, 'Food Service', NULL, NULL),
(12700, 'Fox & Goose', NULL, NULL),
(12701, 'FunQ', NULL, NULL),
(12702, 'Gallery', NULL, NULL),
(12703, 'Gastroinox', NULL, NULL),
(12704, 'Golden Buddha', NULL, NULL),
(12705, 'Jagger', NULL, NULL),
(12706, 'Jazz-bar', NULL, NULL),
(12707, 'Kagawa.ru', NULL, NULL),
(12708, 'Kalipso', NULL, NULL),
(12709, 'Katsura', NULL, NULL),
(12710, 'KillFish', NULL, NULL),
(12711, 'La fleur de ПРОВАНС', NULL, NULL),
(12712, 'Liverpool', NULL, NULL),
(12713, 'Mad Flat', NULL, NULL),
(12714, 'MasterGlass – Челябинск (Дион)', NULL, NULL),
(12715, 'Maximillians', NULL, NULL),
(12716, 'Mc Burger', NULL, NULL),
(12717, 'McQueen', NULL, NULL),
(12718, 'Megami', NULL, NULL),
(12720, 'Mirage', NULL, NULL),
(12721, 'New Time', NULL, NULL),
(12722, 'Noodles bar', NULL, NULL),
(12723, 'OVO', NULL, NULL),
(12724, 'Parasole', NULL, NULL),
(12725, 'Paulaner', NULL, NULL),
(12726, 'People', NULL, NULL),
(12727, 'Peperoni', NULL, NULL),
(12729, 'Pro-cards', NULL, NULL),
(12730, 'Red Crystall', NULL, NULL),
(12731, 'Red Hall', NULL, NULL),
(12732, 'Redactor', NULL, NULL),
(12733, 'RestoPizza', NULL, NULL),
(12734, 'Shizgara', NULL, NULL),
(12735, 'SmolinoPark', NULL, NULL),
(12736, 'Sofa', NULL, NULL),
(12737, 'Sorry', NULL, NULL),
(12738, 'Sound-Box', NULL, NULL),
(12739, 'Steakman', NULL, NULL),
(12741, 'Sunny', NULL, NULL),
(12742, 'The Бочка', NULL, NULL),
(12743, 'UltraScan', NULL, NULL),
(12744, 'Vega', NULL, NULL),
(12745, 'Victoria', NULL, NULL),
(12746, 'YakiRu', NULL, NULL),
(12747, 'Zoller-hof', NULL, NULL),
(12748, 'Аллигатор', NULL, NULL),
(12749, 'Амигос', NULL, NULL),
(12751, 'Бавария', NULL, NULL),
(12752, 'Бамбучо', NULL, NULL),
(12753, 'Бар-Стиль', NULL, NULL),
(12754, 'Баязет', NULL, NULL),
(12755, 'Белый замок', NULL, NULL),
(12756, 'Бешеная собака', NULL, NULL),
(12757, 'Библиотека пива', NULL, NULL),
(12758, 'БонБон', NULL, NULL),
(12759, 'Браво', NULL, NULL),
(12760, 'Братья Чипполини', NULL, NULL),
(12761, 'Вареничная хата', NULL, NULL),
(12762, 'Вербена', NULL, NULL),
(12763, 'Веста Пицца', NULL, NULL),
(12764, 'Гоара', NULL, NULL),
(12765, 'Греко', NULL, NULL),
(12766, 'Дастархан', NULL, NULL),
(12767, 'ДекоЛь', NULL, NULL),
(12768, 'ДисКард', NULL, NULL),
(12769, 'Додо Пицца', NULL, NULL),
(12771, 'Дружба', NULL, NULL),
(12772, 'За Утесом', NULL, NULL),
(12773, 'Зазеркалье', NULL, NULL),
(12774, 'Заповедник', NULL, NULL),
(12775, 'Запой', NULL, NULL),
(12776, 'Запятая', NULL, NULL),
(12777, 'Золотая Нива', NULL, NULL),
(12778, 'Золотое руно', NULL, NULL),
(12779, 'Изба', NULL, NULL),
(12780, 'Икорный бар', NULL, NULL),
(12781, 'Июнь', NULL, NULL),
(12782, 'КаБаРе', NULL, NULL),
(12783, 'Карамболь', NULL, NULL),
(12784, 'Карман', NULL, NULL),
(12785, 'Кит', NULL, NULL),
(12786, 'Комплекс-Бар', NULL, NULL),
(12787, 'Корица', NULL, NULL),
(12788, 'Купеческий двор', NULL, NULL),
(12789, 'Кухня.ru', NULL, NULL),
(12790, 'КХЛ', NULL, NULL),
(12791, 'Либерти', NULL, NULL),
(12792, 'Лидия', NULL, NULL),
(12793, 'Мамонт', NULL, NULL),
(12794, 'Мега Чел', NULL, NULL),
(12795, 'Мегаполис', NULL, NULL),
(12796, 'Мерси', NULL, NULL),
(12797, 'Место Встречи', NULL, NULL),
(12798, 'Миракс', NULL, NULL),
(12799, 'Муш', NULL, NULL),
(12801, 'На Каслинской', NULL, NULL),
(12802, 'Падишах', NULL, NULL),
(12805, 'Пиццбург', NULL, NULL),
(12806, 'Пиццевиль', NULL, NULL),
(12807, 'Пиццирина', NULL, NULL),
(12808, 'Позитив', NULL, NULL),
(12809, 'Посиделки', NULL, NULL),
(12810, 'ПринтЛайн', NULL, NULL),
(12811, 'Прокси-Сервис', NULL, NULL),
(12812, 'Радуга', NULL, NULL),
(12813, 'Рапсодия', NULL, NULL),
(12814, 'Резиденция', NULL, NULL),
(12815, 'Светлана', NULL, NULL),
(12816, 'Своя компания', NULL, NULL),
(12817, 'Сёгун', NULL, NULL),
(12818, 'Сеймур', NULL, NULL),
(12819, 'Сели Съели', NULL, NULL),
(12820, 'Сенатор', NULL, NULL),
(12821, 'Славяночка', NULL, NULL),
(12824, 'Слон', NULL, NULL),
(12825, 'Созвездие', NULL, NULL),
(12826, 'Старая Италия', NULL, NULL),
(12827, 'Старый градъ', NULL, NULL),
(12828, 'Тайм-аут', NULL, NULL),
(12829, 'Тамада', NULL, NULL),
(12830, 'Тамле', NULL, NULL),
(12831, 'Танцор Диско', NULL, NULL),
(12832, 'Топка', NULL, NULL),
(12833, 'Торговый Дизайн', NULL, NULL),
(12834, 'Три апельсина', NULL, NULL),
(12835, 'Триумф', NULL, NULL),
(12836, 'Тутти-фрутти', NULL, NULL),
(12837, 'Фанера', NULL, NULL),
(12838, 'Флирт', NULL, NULL),
(12839, 'ХиТ (Холод и Тепло)', NULL, NULL),
(12840, 'Хит пицца', NULL, NULL),
(12841, 'Цыплята табака', NULL, NULL),
(12842, 'Челябторгтехника', NULL, NULL),
(12843, 'Чудо Печь', NULL, NULL);

-- --------------------------------------------------------

--
-- Table structure for table `cafe_types`
--

CREATE TABLE IF NOT EXISTS `cafe_types` (
  `id` smallint(6) NOT NULL AUTO_INCREMENT,
  `name` varchar(20) NOT NULL,
  PRIMARY KEY (`id`),
  UNIQUE KEY `name` (`name`)
) ENGINE=InnoDB  DEFAULT CHARSET=utf8 AUTO_INCREMENT=8372 ;

--
-- Dumping data for table `cafe_types`
--

INSERT INTO `cafe_types` (`id`, `name`) VALUES
(7964, 'bar&restaurant'),
(8238, 'bar&shop'),
(7921, 'café'),
(8309, 'cafe&bar'),
(7920, 'café-bar'),
(7917, 'chicago bar & restau'),
(8252, 'discount bar'),
(7987, 'karaoke-club'),
(8310, 'literary lounge cafe'),
(8275, 'mama!'),
(8265, 'pasta-bar'),
(7950, 'restaurant & bar'),
(8257, 'restaurant&bar'),
(8249, 'restobar'),
(8254, 'soul bar'),
(7967, 'sushi&dancing bar'),
(7637, 'vip-ресторан'),
(8297, 'Авторская кондитерск'),
(8247, 'Агентство креативных'),
(8361, 'аксессуары'),
(7981, 'Американский дайнер'),
(8011, 'Американский паб'),
(7963, 'Американский рестора'),
(7965, 'Английский паб'),
(7984, 'Английский спорт-паб'),
(8287, 'Анти-Гламурный клуб'),
(7772, 'Антипаб'),
(8146, 'Арт-кафе'),
(8029, 'Арт-паб'),
(8256, 'Баварский ресторан-п'),
(7781, 'Банкет-холл'),
(7952, 'Банкетные залы'),
(8010, 'Банкетные залы и кон'),
(7918, 'банкетный зал'),
(8220, 'Банкетный зал в ЛА'),
(7996, 'Банкетный зал РК'),
(8018, 'Банкетный ресторан'),
(7634, 'Бар'),
(8031, 'БАР & ЕДА'),
(8222, 'Бар - клуб'),
(8231, 'Бар-ресторан'),
(7782, 'Бильярд'),
(8327, 'Бильярдный зал'),
(7973, 'Боулинг'),
(7779, 'Боулинг клуб'),
(8273, 'выездное обслуживани'),
(8276, 'Главбар'),
(7966, 'Городское кафе'),
(8212, 'Гостиничный комплекс'),
(7783, 'Гриль-бар'),
(8009, 'Гриль-ресторан'),
(8021, 'Детский парк развлеч'),
(8008, 'Домашний ресторан'),
(7922, 'доставка домашних пи'),
(8189, 'Доставка лапши и суш'),
(7947, 'доставка обедов'),
(7989, 'Доставка Пирогов'),
(7916, 'Доставка пиццы'),
(8155, 'Доставка суши'),
(7962, 'Доставка суши со ски'),
(7997, 'доставка шашлыков и '),
(8250, 'Дэнс-бар'),
(8329, 'Зал торжеств'),
(8030, 'и Чё?'),
(8271, 'изготовление пластик'),
(8245, 'Ирландский паб'),
(7773, 'Кантри-клуб'),
(7974, 'Караоке'),
(7636, 'Караоке бар'),
(7915, 'Караоке&Бар'),
(7948, 'Караоке-бар'),
(7919, 'Караоке-клуб'),
(8272, 'Караоке-ресторан'),
(7639, 'Кафе'),
(8298, 'Кафе - кулинария'),
(7951, 'Кафе быстрого обслуж'),
(7855, 'Кафе быстрого питани'),
(8237, 'Кафе китайской кухни'),
(7961, 'Кафе суши-бар'),
(8005, 'Кафе-бар'),
(8253, 'Кафе-кондитерская'),
(8371, 'Кафе-кулинария'),
(7792, 'Клуб'),
(8292, 'Клуб живой музыки'),
(8020, 'Клуб-ресторан'),
(8342, 'комплексная автомати'),
(8330, 'комплексное оснащени'),
(8219, 'комплексные решения '),
(7995, 'Конгрессно-Выставочн'),
(7771, 'Кофейный салон'),
(7768, 'Кофейня'),
(8299, 'Кофейня-пиццерия'),
(8355, 'Креативный центр'),
(8322, 'Кулинария домашних в'),
(7770, 'Летний ресторан'),
(8351, 'Лобби-бар'),
(8363, 'мебель'),
(8288, 'Мексиканский танцева'),
(8277, 'Музыкальные автоматы'),
(8349, 'Мягкий ресторан'),
(7854, 'Мясной ресторан'),
(8274, 'Ночной загородный кл'),
(7949, 'Ночной клуб'),
(8364, 'оборудование'),
(8281, 'оборудование для авт'),
(8282, 'Оборудование для пищ'),
(8321, 'обслуживание баров и'),
(7635, 'паб'),
(8006, 'Первая челябинская б'),
(7785, 'Пивной бар'),
(7780, 'Пивной ресторан'),
(7988, 'Пироговая'),
(7640, 'Пиццерия'),
(8343, 'Пиццерия - кафе'),
(8246, 'поставки печенья с п'),
(8255, 'поставки посуды и об'),
(8362, 'посуда'),
(8291, 'посуда и инвентарь'),
(8340, 'Праздничное агенство'),
(8315, 'Программно-аппаратны'),
(8244, 'Продукты для професс'),
(8248, 'Профессиональное обо'),
(8318, 'Профессиональный клу'),
(7856, 'Развлекательный комп'),
(8223, 'Рестобар'),
(7633, 'Ресторан'),
(8266, 'Ресторан - пивоварня'),
(8305, 'Ресторан Доставки'),
(7975, 'Ресторан итальянской'),
(8303, 'Ресторан национально'),
(7638, 'Ресторан паназиатско'),
(8286, 'Ресторан пива'),
(8012, 'Ресторан украинской '),
(7994, 'Ресторан японской ку'),
(8028, 'Ресторан-кабаре'),
(8350, 'Ресторан-кофейня'),
(8019, 'Ресторан-терраса'),
(8356, 'Ресторанчик домашней'),
(8341, 'Салон свадебной поли'),
(8331, 'сервис ресторанов'),
(8348, 'Сеть  банкетных зало'),
(7976, 'сеть банкетных залов'),
(8304, 'Сеть кондитерских'),
(8211, 'Сеть ресторанов'),
(8319, 'Снэк-бар'),
(8323, 'Спорт-бар'),
(7784, 'Стейк-хауз'),
(8278, 'стейк-хаус'),
(8320, 'Столовая-кафе'),
(8015, 'Студия праздничного '),
(7769, 'суши-бар'),
(7985, 'Суши-ресторан'),
(8239, 'Танцевальный бар'),
(7983, 'Танцевальный рестора'),
(8221, 'трактир'),
(8017, 'Уютный ресторан'),
(8328, 'французская пекарня'),
(7972, 'фудкорт'),
(8007, 'Центр отдыха'),
(8016, 'Чешский ресторан'),
(7923, 'Шоу-ресторан'),
(7982, 'Экспресс-бар'),
(8230, 'Элеганс кафе'),
(7791, 'Этно-кофейня'),
(7986, 'Японский ресторан');

-- --------------------------------------------------------

--
-- Table structure for table `cuisines`
--

CREATE TABLE IF NOT EXISTS `cuisines` (
  `cafe_id` int(10) NOT NULL,
  `cuisine_id` smallint(6) NOT NULL,
  UNIQUE KEY `cafe_id` (`cafe_id`,`cuisine_id`),
  KEY `cuisine_id` (`cuisine_id`)
) ENGINE=InnoDB DEFAULT CHARSET=utf8;

--
-- Dumping data for table `cuisines`
--

INSERT INTO `cuisines` (`cafe_id`, `cuisine_id`) VALUES
(11709, 1),
(11964, 1),
(11991, 1),
(12001, 1),
(12011, 1),
(12241, 1),
(12242, 1),
(12243, 1),
(12244, 1),
(12245, 1),
(12246, 1),
(12247, 1),
(12248, 1),
(12249, 1),
(12251, 1),
(12252, 1),
(12254, 1),
(12255, 1),
(12256, 1),
(12280, 1),
(12281, 1),
(12282, 1),
(12283, 1),
(12284, 1),
(12287, 1),
(12288, 1),
(12289, 1),
(12290, 1),
(12291, 1),
(12298, 1),
(12299, 1),
(12300, 1),
(12301, 1),
(12302, 1),
(12303, 1),
(12308, 1),
(12311, 1),
(12312, 1),
(12313, 1),
(12314, 1),
(12317, 1),
(12319, 1),
(12322, 1),
(12323, 1),
(12326, 1),
(12329, 1),
(12330, 1),
(12331, 1),
(12333, 1),
(12334, 1),
(12338, 1),
(12340, 1),
(12342, 1),
(12343, 1),
(12344, 1),
(12346, 1),
(12348, 1),
(12354, 1),
(12355, 1),
(12358, 1),
(12359, 1),
(12368, 1),
(12369, 1),
(12370, 1),
(12371, 1),
(12372, 1),
(12375, 1),
(12381, 1),
(12383, 1),
(12385, 1),
(12386, 1),
(12387, 1),
(12566, 1),
(12680, 1),
(12681, 1),
(12682, 1),
(12687, 1),
(12690, 1),
(12693, 1),
(12696, 1),
(12700, 1),
(12707, 1),
(12708, 1),
(12710, 1),
(12713, 1),
(12716, 1),
(12718, 1),
(12720, 1),
(12722, 1),
(12723, 1),
(12726, 1),
(12730, 1),
(12731, 1),
(12732, 1),
(12735, 1),
(12736, 1),
(12745, 1),
(11696, 2),
(12242, 2),
(12248, 2),
(12290, 2),
(12319, 2),
(12322, 2),
(12330, 2),
(12343, 2),
(12358, 2),
(12370, 2),
(12371, 2),
(12372, 2),
(12694, 2),
(12735, 2),
(11991, 3),
(12007, 3),
(12011, 3),
(12019, 3),
(12244, 3),
(12249, 3),
(12251, 3),
(12255, 3),
(12287, 3),
(12288, 3),
(12290, 3),
(12291, 3),
(12297, 3),
(12302, 3),
(12313, 3),
(12322, 3),
(12329, 3),
(12330, 3),
(12333, 3),
(12338, 3),
(12343, 3),
(12348, 3),
(12352, 3),
(12353, 3),
(12355, 3),
(12357, 3),
(12359, 3),
(12368, 3),
(12369, 3),
(12386, 3),
(12566, 3),
(12717, 3),
(12726, 3),
(12731, 3),
(12735, 3),
(12745, 3),
(12245, 4),
(12717, 4),
(11696, 5),
(11703, 5),
(12245, 5),
(12246, 5),
(12247, 5),
(12252, 5),
(12255, 5),
(12283, 5),
(12288, 5),
(12295, 5),
(12297, 5),
(12303, 5),
(12311, 5),
(12312, 5),
(12315, 5),
(12321, 5),
(12322, 5),
(12327, 5),
(12328, 5),
(12337, 5),
(12345, 5),
(12348, 5),
(12354, 5),
(12358, 5),
(12368, 5),
(12370, 5),
(12371, 5),
(12680, 5),
(12696, 5),
(12707, 5),
(12708, 5),
(12709, 5),
(12710, 5),
(12717, 5),
(12718, 5),
(12720, 5),
(12722, 5),
(12736, 5),
(12746, 5),
(11696, 6),
(12246, 6),
(12247, 6),
(12253, 6),
(12280, 6),
(12297, 6),
(12303, 6),
(12307, 6),
(12312, 6),
(12314, 6),
(12315, 6),
(12317, 6),
(12318, 6),
(12326, 6),
(12329, 6),
(12332, 6),
(12358, 6),
(12368, 6),
(12370, 6),
(12371, 6),
(12385, 6),
(12566, 6),
(12683, 6),
(12717, 6),
(12722, 6),
(12724, 6),
(12733, 6),
(12248, 7),
(12368, 7),
(12566, 7),
(12253, 8),
(12285, 8),
(12254, 9),
(12283, 9),
(12296, 9),
(12311, 9),
(12316, 9),
(12320, 9),
(12566, 9),
(12686, 9),
(12255, 10),
(12315, 10),
(12365, 10),
(12255, 11),
(12312, 11),
(12566, 11),
(12256, 12),
(12288, 12),
(12299, 12),
(12340, 12),
(12348, 12),
(12285, 25),
(12287, 26),
(12329, 26),
(12339, 26),
(12383, 26),
(12386, 26),
(12723, 26),
(12295, 35),
(11703, 36),
(11703, 37),
(11703, 38),
(11991, 38),
(12315, 38),
(12691, 38),
(12692, 38),
(11703, 39),
(11703, 40),
(11703, 41),
(12298, 42),
(12309, 49),
(12367, 49),
(12315, 50),
(12319, 51),
(12387, 51),
(11709, 61),
(12329, 62),
(12347, 62),
(11964, 70),
(12684, 70),
(12685, 70),
(12341, 71),
(12351, 79),
(12354, 80),
(12725, 80),
(12747, 80),
(12354, 81),
(12356, 82),
(11991, 83),
(11994, 84),
(12736, 84),
(12360, 85),
(12369, 93),
(12373, 94),
(12384, 103),
(12681, 221),
(12697, 240);

-- --------------------------------------------------------

--
-- Table structure for table `cuisine_types`
--

CREATE TABLE IF NOT EXISTS `cuisine_types` (
  `id` smallint(6) NOT NULL AUTO_INCREMENT,
  `name` varchar(40) NOT NULL,
  PRIMARY KEY (`id`),
  UNIQUE KEY `name` (`name`)
) ENGINE=InnoDB  DEFAULT CHARSET=utf8 AUTO_INCREMENT=322 ;

--
-- Dumping data for table `cuisine_types`
--

INSERT INTO `cuisine_types` (`id`, `name`) VALUES
(81, 'австрийская'),
(2, 'авторская'),
(221, 'азербайджанская'),
(51, 'азиатская'),
(9, 'американская'),
(42, 'английская'),
(26, 'армянская'),
(12, 'восточная'),
(299, 'восточная,'),
(61, 'вьетнамская'),
(240, 'греческая'),
(93, 'грузинская'),
(8, 'домашняя'),
(1, 'европейская'),
(82, 'европейская пивная кухня'),
(71, 'европейская,'),
(271, 'еропейская'),
(36, 'индийская'),
(39, 'индонезийская'),
(85, 'интернациональная'),
(6, 'итальянская'),
(62, 'кавказская'),
(38, 'китайская'),
(83, 'корейская'),
(103, 'кухня европейская'),
(40, 'малазийская'),
(11, 'мексиканская'),
(50, 'монгольская'),
(25, 'мясная'),
(80, 'немецкая'),
(41, 'непальская'),
(4, 'паназиатская'),
(272, 'пацанская'),
(220, 'персидская'),
(3, 'русская'),
(289, 'русская,европейская'),
(79, 'сербская'),
(94, 'советская'),
(70, 'средиземноморская'),
(37, 'тайская'),
(321, 'татарская'),
(10, 'узбекская'),
(35, 'уйгурская'),
(84, 'украинская'),
(7, 'французская'),
(49, 'чешская'),
(5, 'японская');

-- --------------------------------------------------------

--
-- Table structure for table `types`
--

CREATE TABLE IF NOT EXISTS `types` (
  `cafe_id` int(10) NOT NULL,
  `type_id` smallint(6) NOT NULL,
  UNIQUE KEY `cafe_id` (`cafe_id`,`type_id`),
  KEY `type_id` (`type_id`)
) ENGINE=InnoDB DEFAULT CHARSET=utf8;

--
-- Dumping data for table `types`
--

INSERT INTO `types` (`cafe_id`, `type_id`) VALUES
(11692, 7633),
(11693, 7633),
(11695, 7633),
(11697, 7633),
(11698, 7633),
(11701, 7633),
(11702, 7633),
(11705, 7633),
(11706, 7633),
(11709, 7633),
(11962, 7633),
(11965, 7633),
(11967, 7633),
(11969, 7633),
(11970, 7633),
(11971, 7633),
(11973, 7633),
(11977, 7633),
(11982, 7633),
(11984, 7633),
(11986, 7633),
(11988, 7633),
(11989, 7633),
(11991, 7633),
(11992, 7633),
(11993, 7633),
(11995, 7633),
(11996, 7633),
(11997, 7633),
(11998, 7633),
(11999, 7633),
(12002, 7633),
(12006, 7633),
(12008, 7633),
(12009, 7633),
(12011, 7633),
(12015, 7633),
(12016, 7633),
(12018, 7633),
(12019, 7633),
(12116, 7633),
(12118, 7633),
(12120, 7633),
(12121, 7633),
(12122, 7633),
(12123, 7633),
(12125, 7633),
(12127, 7633),
(12244, 7633),
(12245, 7633),
(12247, 7633),
(12248, 7633),
(12254, 7633),
(12256, 7633),
(12281, 7633),
(12282, 7633),
(12284, 7633),
(12300, 7633),
(12309, 7633),
(12312, 7633),
(12318, 7633),
(12331, 7633),
(12340, 7633),
(12343, 7633),
(12344, 7633),
(12347, 7633),
(12351, 7633),
(12357, 7633),
(12365, 7633),
(12375, 7633),
(12383, 7633),
(12386, 7633),
(12681, 7633),
(12684, 7633),
(12685, 7633),
(12687, 7633),
(12690, 7633),
(12692, 7633),
(12697, 7633),
(12707, 7633),
(12730, 7633),
(12731, 7633),
(12732, 7633),
(12733, 7633),
(11694, 7634),
(11699, 7634),
(11964, 7634),
(11979, 7634),
(11990, 7634),
(12013, 7634),
(12247, 7634),
(12290, 7634),
(12688, 7634),
(12693, 7634),
(11694, 7635),
(11699, 7635),
(11704, 7635),
(12018, 7635),
(12356, 7635),
(11696, 7636),
(11700, 7637),
(11707, 7639),
(11966, 7639),
(11974, 7639),
(11976, 7639),
(11978, 7639),
(11979, 7639),
(11985, 7639),
(11989, 7639),
(12004, 7639),
(12007, 7639),
(12010, 7639),
(12012, 7639),
(12014, 7639),
(12017, 7639),
(12253, 7639),
(12281, 7639),
(12286, 7639),
(12287, 7639),
(12299, 7639),
(12315, 7639),
(12329, 7639),
(12330, 7639),
(12334, 7639),
(12339, 7639),
(12346, 7639),
(12369, 7639),
(12373, 7639),
(12384, 7639),
(12721, 7639),
(12722, 7639),
(12723, 7639),
(12726, 7639),
(12741, 7639),
(11708, 7640),
(12005, 7640),
(12124, 7640),
(12243, 7640),
(12308, 7640),
(12316, 7640),
(12317, 7640),
(12385, 7640),
(12727, 7640),
(11963, 7768),
(11968, 7768),
(12003, 7768),
(12326, 7768),
(12375, 7768),
(12686, 7768),
(11963, 7769),
(11971, 7769),
(12009, 7769),
(12297, 7769),
(12709, 7769),
(12746, 7769),
(11972, 7770),
(11994, 7770),
(11973, 7771),
(11975, 7772),
(11979, 7773),
(11983, 7779),
(11987, 7780),
(12126, 7780),
(12712, 7780),
(11990, 7781),
(12249, 7781),
(12288, 7781),
(12338, 7781),
(12348, 7781),
(12375, 7781),
(11995, 7782),
(12009, 7782),
(11999, 7783),
(11999, 7784),
(12000, 7785),
(12001, 7791),
(12008, 7792),
(12117, 7854),
(12285, 7854),
(12242, 7915),
(12243, 7916),
(12246, 7916),
(12247, 7918),
(12297, 7918),
(12250, 7919),
(12251, 7920),
(12252, 7921),
(12303, 7921),
(12255, 7923),
(12256, 7947),
(11696, 7948),
(12283, 7948),
(12371, 7948),
(12706, 7948),
(12279, 7949),
(12281, 7949),
(12310, 7949),
(12324, 7949),
(12325, 7949),
(12720, 7949),
(12280, 7950),
(12291, 7952),
(12295, 7961),
(11703, 7964),
(12298, 7965),
(12301, 7966),
(12302, 7966),
(12303, 7967),
(12307, 7972),
(12311, 7973),
(12313, 7974),
(12320, 7981),
(12321, 7982),
(12323, 7984),
(12327, 7985),
(12328, 7986),
(12345, 7986),
(12332, 7987),
(12333, 7988),
(12333, 7989),
(12342, 7996),
(12348, 8005),
(12360, 8005),
(12683, 8005),
(12698, 8005),
(12708, 8005),
(12353, 8007),
(12354, 8008),
(12355, 8009),
(12359, 8011),
(12367, 8016),
(12368, 8017),
(12370, 8018),
(12371, 8019),
(12372, 8020),
(12011, 8028),
(12381, 8029),
(12382, 8029),
(12382, 8030),
(12387, 8031),
(12566, 8146),
(12327, 8155),
(12676, 8222),
(12694, 8223),
(12680, 8230),
(12682, 8231),
(12691, 8237),
(12695, 8238),
(12696, 8239),
(12700, 8245),
(12704, 8249),
(12705, 8250),
(12710, 8252),
(12713, 8254),
(12717, 8257),
(12724, 8265),
(12725, 8266),
(12734, 8272),
(12737, 8275),
(12737, 8276),
(12738, 8277),
(12739, 8278),
(12747, 8286);

--
-- Constraints for dumped tables
--

--
-- Constraints for table `addresses`
--
ALTER TABLE `addresses`
  ADD CONSTRAINT `addresses_ibfk_1` FOREIGN KEY (`cafe_id`) REFERENCES `cafes` (`id`);

--
-- Constraints for table `cuisines`
--
ALTER TABLE `cuisines`
  ADD CONSTRAINT `cuisines_ibfk_1` FOREIGN KEY (`cafe_id`) REFERENCES `cafes` (`id`),
  ADD CONSTRAINT `cuisines_ibfk_2` FOREIGN KEY (`cuisine_id`) REFERENCES `cuisine_types` (`id`);

--
-- Constraints for table `types`
--
ALTER TABLE `types`
  ADD CONSTRAINT `types_ibfk_1` FOREIGN KEY (`cafe_id`) REFERENCES `cafes` (`id`),
  ADD CONSTRAINT `types_ibfk_2` FOREIGN KEY (`type_id`) REFERENCES `cafe_types` (`id`);

/*!40101 SET CHARACTER_SET_CLIENT=@OLD_CHARACTER_SET_CLIENT */;
/*!40101 SET CHARACTER_SET_RESULTS=@OLD_CHARACTER_SET_RESULTS */;
/*!40101 SET COLLATION_CONNECTION=@OLD_COLLATION_CONNECTION */;
