-- phpMyAdmin SQL Dump
-- version 4.0.6deb1
-- http://www.phpmyadmin.net
--
-- Host: localhost
-- Generation Time: Apr 16, 2014 at 03:36 AM
-- Server version: 5.5.35-0ubuntu0.13.10.2
-- PHP Version: 5.5.3-1ubuntu2.3

SET SQL_MODE = "NO_AUTO_VALUE_ON_ZERO";
SET time_zone = "+00:00";


/*!40101 SET @OLD_CHARACTER_SET_CLIENT=@@CHARACTER_SET_CLIENT */;
/*!40101 SET @OLD_CHARACTER_SET_RESULTS=@@CHARACTER_SET_RESULTS */;
/*!40101 SET @OLD_COLLATION_CONNECTION=@@COLLATION_CONNECTION */;
/*!40101 SET NAMES utf8 */;

--
-- Database: `gis`
--

-- --------------------------------------------------------

--
-- Table structure for table `addresses`
--

CREATE TABLE IF NOT EXISTS `addresses` (
  `id` int(10) NOT NULL AUTO_INCREMENT,
  `cafe_id` int(10) NOT NULL,
  `street` varchar(50) DEFAULT NULL,
  `building` varchar(10) DEFAULT NULL,
  `longitude` decimal(18,16) DEFAULT NULL,
  `latitude` decimal(18,16) DEFAULT NULL,
  PRIMARY KEY (`id`),
  UNIQUE KEY `cafe_id` (`cafe_id`,`street`,`building`)
) ENGINE=InnoDB DEFAULT CHARSET=utf8;

--
-- Dumping data for table `addresses`
--

INSERT INTO `addresses` (`cafe_id`, `street`, `building`, `latitude`, `longitude`) VALUES
(1, 'Каслинская ул.', 99, 55.1768419802915100, 61.3964959802915000),
(2, 'ул. Коммуны', 87, 55.1633229802915000, 61.3990799802915100),
(3, 'пр. Металлургов', 4, 55.2526009802915000, 61.4030809802915100),
(4, 'пр. Ленина', 35, 55.1612939802915000, 61.4163229802915000),
(5, 'Гражданская', 14, 55.1380289802915000, 61.4235959802915100),
(5, 'Гражданская ул.', 14, 55.1380289802915000, 61.4235959802915100),
(6, 'ул. Сони Кривой', 49, 55.1589139802915000, 61.3868729802915000),
(7, 'ул. Лесопарковая', 15, 55.1518439802915000, 61.3672149802915100),
(8, 'пр. Кирова', 177, 55.1623849802915000, 61.4025969802915000),
(9, 'ул. Цвиллинга', 81, 55.1467629802914900, 61.4153039802915000),
(10, 'пр. Ленина', 21, 55.1616669802914900, 61.4263279802915100),
(11, 'Свердловский пр.', 70, 55.1619139802914900, 61.3893409802915000),
(12, 'ул. Энгельса', 65, 55.1619459802915000, 61.3838329802915000),
(12, 'Энгельса', 65, 55.1619459802915000, 61.3838329802915000),
(13, 'ул. Свободы', 88, 55.1552319802915000, 61.4150149802915100),
(14, 'пр. Ленина', 35, 55.1612939802915000, 61.4163229802915000),
(15, 'ул.Елькина', 45, 55.1629629802915000, 61.4001009802915000),
(16, 'ул.Кирова', 94, 55.1657689802915000, 61.4011309802915100),
(17, 'ул. Свободы', 88, 55.1552319802915000, 61.4150149802915100),
(18, 'Двинская', 8, 55.1831639802915100, 61.3532759802915100),
(18, 'ул. Двинская', 8, 55.1831639802915100, 61.3532759802915100),
(37, 'ул.Молодогвардейцев', 34, 55.1952129802915000, 61.3333549802915000),
(38, 'ул. Кирова', 163, 55.1638579802915000, 61.4025619802915000),
(39, 'ул. Чапаева', 114, 55.0769649802914900, 61.4052689802915100),
(39, 'Чапаева', 114, 55.1182972802914900, 61.4488058302915000),
(40, 'ул.Молодогвардейцев', 34, 55.1952129802915000, 61.3333549802915000),
(41, 'пр. Ленина', 35, 55.1612939802915000, 61.4163229802915000),
(42, 'ул. Лесопарковая', 6, 55.1515729802914900, 61.3654749802915100),
(43, 'г. Челябинск, ул. Кирова', 82, 55.1686099802915100, 61.4013199802915000),
(44, 'ул. Братьев Кашириных', 102, 55.1803669802915000, 61.3184499802915000),
(45, 'ул. Цвиллинга', 25, 55.1662109802915000, 61.4058319802915100),
(46, 'ул.Ленина', 57, 55.1565801802915000, 61.2972646802915000),
(46, 'ул.Сони Кривой', 69, 55.1585179802915000, 61.3781319802915100),
(46, 'ул.Цвиллинга', 44, 55.1585049802915000, 61.4076399802915100),
(47, 'ул. Кирова', 161, 55.1653369802915000, 61.4029279802915000),
(48, 'Советская ул.', 38, 55.1625139802915000, 61.4075709802915000),
(49, 'Красная ул.', 69, 55.1604269802915000, 61.3954439802915100),
(50, 'Площадь МОПРа', 10, 55.1649939802914900, 61.4189589802915100),
(51, 'Ленина пр.', 24, 55.1627749802915000, 61.4378729802915100),
(52, 'пр. Ленина', 41, 55.1615479802915000, 61.4150319802915100),
(53, 'пл.Мопра', 10, 55.1649939802914900, 61.4189589802915100),
(54, 'г. Челябинск, ул. Орджоникидзе', 58, 55.1529016302915000, 61.4052105302914900),
(54, 'Горсад им. А.С.Пушкина', 58, 55.3186459999999900, 61.5909059999999900),
(57, 'ул. Волочаевская', 59, 55.1877679802915000, 61.4625019802915100),
(58, 'пр. Ленина', 66, 55.1618359802914900, 61.3797309802915100),
(59, 'пр. Ленина', 66, 55.1618359802914900, 61.3797309802915100),
(60, 'пр. Свердловский', 51, 55.1703789802915000, 61.3914089802915000),
(61, 'шоссе Металлургов', 3, 55.2508009802915000, 61.4034199802915100),
(62, 'ул. Молодогвардейцев', 17, 55.2014219802915000, 61.3321999802915000),
(63, 'ул. Малогвардейцев', 31, 55.1895679802914900, 61.3348559802915100),
(64, 'ул. Каслинская', 21, 55.1884979802915000, 61.3955469802915000),
(65, 'г. Челябинск, ул. Кирова', 161, 55.1653369802915000, 61.4029279802915000),
(66, 'Братьев Кашириных', 134, 55.1730379802915000, 61.2996759802915100),
(66, 'ул. Братьев Кашириных', 13, 55.1749070302915000, 61.4030623802915000),
(67, 'пр. Кирова', 159, 55.1658749802914900, 61.4026989802915100),
(68, 'Энгельса ул.', 107, 55.1490659802915100, 61.3825049802915100),
(69, 'Кирова', 163, 55.1638579802915000, 61.4025619802915000),
(69, 'Комсомольский пр-т', 32, 55.1963529802915000, 61.3483539802915100),
(69, 'ул. Кирова', 163, 55.1638579802915000, 61.4025619802915000),
(70, 'г. Челябинск, ул. Сталеваров', 32, 55.2619999802914900, 61.4037699802915100),
(71, 'пр.Комсомольский', 16, 55.1935729802915000, 61.3707469802915000),
(72, 'ул.Энтузиастов', 4, 55.1619119802915000, 61.3763759802915000),
(73, 'ул.Красноармейская', 72, 55.1713489802915000, 61.4140279802915000),
(74, 'ул. Сони Кривой', 83, 55.1582999802915000, 61.3697919802915000),
(75, 'г. Челябинск', 20, 55.1806079802914900, 61.3016639802915100),
(76, 'Елькина', 45, 55.1629629802915000, 61.4001009802915000),
(76, 'ул. Елькина', 45, 55.1629629802915000, 61.4001009802915000),
(77, 'ул. Труда', 153, 55.1686569802915000, 61.3973309802915100),
(78, 'г. Челябинск, ул. Кирова', 86, 55.1677379802914900, 61.4014849802915100),
(79, 'г. Челябинск', 46, 55.1190634802914900, 61.4354808802915100),
(80, 'пр. Ленина', 77, 55.1606269802915000, 61.3778339802915000),
(81, 'просп. Победы', 348, 55.1912209802914900, 61.3205199802915000),
(81, 'ул. Бажова', 91, 55.1828039802915000, 61.4544959802915000),
(82, 'пр. Комарова', 114, 55.1753789802915000, 61.4560169802915100),
(82, 'Салютная', 23, 55.1707459802915000, 61.4495939802915100),
(82, 'ул. Салютная', 23, 55.1707459802915000, 61.4495939802915100),
(83, 'Комсомольский пр.', 45, 55.1951199802915100, 61.3376409802915000),
(84, 'ул. Карла Маркса', 131, 55.1662629802914900, 61.3955779802915100),
(85, 'пр. Кирова', 102, 55.1649969802914900, 61.4017369802915100),
(86, 'Победы пр.', 312, 55.1913519802915100, 61.3426299802915000),
(86, 'пр. Победы', 312, 55.1913519802915100, 61.3426299802915000),
(87, 'ул. Кирова', 94, 55.1657689802915000, 61.4011309802915100),
(87, 'Худякова', 13, 55.1486929802915000, 61.3770069802915000),
(88, 'г. Челябинск, ул. Кирова', 167, 55.1629999802915000, 61.4027929802915000),
(88, 'Кирова', 167, 55.1629999802915000, 61.4027929802915000),
(89, 'Комсомольский просп.', 74, 55.1969140000000000, 61.3904519000000000),
(90, 'ул. Богдана Хмельницкого', 10, 55.2600969802914900, 61.3973589802915000),
(91, 'ул.Чайковского', 7, 55.1947979802915000, 61.3654249802915000),
(92, 'г. Челябинск', 47, 55.2661359802915000, 61.4044088802915100),
(93, 'ул.Тимирязева', 24, 55.1600929802915000, 61.4150479802915000),
(94, 'Комсомольский пр.', 111, 55.1882209802915000, 61.2891129802915000),
(94, 'Комсомольский пр. 111', 2, 55.1946369802914900, 61.3860499802915000),
(96, 'Свободы', 88, 55.1552319802915000, 61.4150149802915100),
(96, 'ул. Свободы', 88, 55.1552319802915000, 61.4150149802915100),
(97, 'Академика Королева ул.', 3, 55.1639709802915100, 61.3013309802915000),
(97, 'Кирова ул.', 27, 55.1728229802915000, 61.4032029802915000),
(97, 'Металлургов ш.', 70, 55.2485889802915000, 61.3803509802915000),
(97, 'Молодогвардейцев ул.', 60, 55.1861999802915100, 61.3334399802915100),
(97, 'Победы пр.', 177, 55.1849309802914900, 61.3907009802915000),
(97, 'Свободы 153а', 70, 55.1612709802914900, 61.4124659802915100),
(97, 'Свободы ул.', 153, 55.1561549802915000, 61.4163849802915000),
(97, 'Сони Кривой ул.', 33, 55.1590729802914900, 61.3939009802915100),
(98, 'Комсомольский просп.', 48, 55.1963279802914900, 61.3358769802915100),
(99, 'пр. Кирова', 161, 55.1653369802915000, 61.4029279802915000),
(100, 'ул.Энгельса', 42, 55.1560719802914900, 61.3820929802915100),
(100, 'Энгельса', 42, 55.1560719802914900, 61.3820929802915100),
(101, 'Тимирязева', 28, 55.1596149802915000, 61.4090789802915000),
(101, 'ул. Тимирязева', 28, 55.1596149802915000, 61.4090789802915000),
(102, 'пр.Ленина', 59, 55.1611699802915000, 61.3980349802915100),
(103, 'ул.Комуны, д.100 (парк Гагарина', 100, 55.1639622802915000, 61.3945902802915000),
(104, 'ул. Горького', 3, 55.1637759802915000, 61.4422929802915000),
(105, 'г. Челябинск, ул. 50 лет ВЛКСМ', 50, 55.0405509802915000, 58.9814519802915000),
(106, 'ул. Цвиллинга', 25, 55.1662109802915000, 61.4058319802915100),
(106, 'Цвиллинга', 25, 55.1662109802915000, 61.4058319802915100),
(107, 'просп. Ленина', 66, 55.1618359802914900, 61.3797309802915100),
(114, 'Гагарина', 55, 55.1187699802915000, 61.4374149802915100),
(115, 'Труда', 30, 55.1699349802914900, 61.4231019802915000),
(116, 'Салавата Юлаева', 20, 55.1908639802915000, 61.2778279802915100),
(117, 'Энгельса', 44, 55.1555369802915000, 61.3825549802915000),
(118, 'Молдавская', 16, 55.1919139802915100, 61.3046969802915000),
(119, 'Братьев Кашириных', 12, 55.1752099802915000, 61.4030349802915000),
(120, 'пр. Ленина', 64, 55.1619829802915000, 61.3852749802915100),
(121, 'Кирова', 159, 55.1658749802914900, 61.4026989802915100),
(122, 'Пр. Ленина', 68, 55.1617829802915000, 61.3782269802915000),
(123, 'Кирова', 84, 55.1683839802914900, 61.4013499802915100),
(124, 'Свободы', 155, 55.1544479802915000, 61.4168139802915100),
(125, 'Крупской', 46, 55.1491629802915000, 61.3880259802915100),
(126, 'Тимирязева', 24, 55.1600929802915000, 61.4150479802915000),
(127, 'Труда', 183, 55.1684899802915000, 61.3748979802915100),
(128, 'Свободы', 66, 55.1622789802915100, 61.4123909802915000),
(152, 'Кирова', 161, 55.1653369802915000, 61.4029279802915000),
(153, 'Энтузиастов', 4, 55.1619119802915000, 61.3763759802915000),
(154, 'Кирова', 161, 55.1653369802915000, 61.4029279802915000),
(155, 'Университетская набережная', 76, 55.1680669802915000, 61.3028959802915100),
(156, 'Труда', 183, 55.1684899802915000, 61.3748979802915100),
(157, 'Свердловский пр.', 88, 55.1546902302915000, 61.3908330802914900),
(158, 'Бр. Кашириных', 163, 55.3186459999999900, 61.5909059999999900),
(159, 'Молодогвардейцев', 60, 55.1861999802915100, 61.3334399802915100),
(160, 'Плеханова', 45, 55.1561139802914900, 61.4101709802915100),
(161, 'Хуторная', 70, 55.1109539802915000, 61.4243048000000000),
(162, 'Кирова', 161, 55.1653369802915000, 61.4029279802915000),
(163, 'Академика Сахарова', 11, 55.1603169802914900, 61.2994709802915000),
(164, 'Новороссиийская', 83, NULL, NULL),
(167, 'Академика Королева', 1, 55.1638849802915100, 61.3029699802915100),
(167, 'Тимирязева', 41, 55.1586189802915000, 61.4011059802915000),
(168, 'пр.Ленина', 64, 55.1619829802915000, 61.3852749802915100),
(169, 'Барбюса', 2, 55.1492709802914900, 61.4382749802915100),
(169, 'Цвиллинга', 38, 55.1605699802915000, 61.4066859802915000),
(170, 'Свободы', 88, 55.1552319802915000, 61.4150149802915100),
(171, 'Елькина', 65, 55.1546839802914900, 61.4001359802915000),
(172, 'Бажова', 91, 55.1828039802915000, 61.4544959802915000),
(173, 'Ленина пр.', 77, 55.1606269802915000, 61.3778339802915000),
(174, 'ул. 3 Интернационала', 105, 55.1687399802915100, 61.4227479802915000),
(175, 'Кирова', 143, 55.1670529802915000, 61.4024649802915000),
(179, 'Коммуны', 100, 55.1634889302915100, 61.3784299302915200),
(180, 'Коммуны', 60, 55.1643229802915000, 61.4002149802915100),
(181, 'Свердловский пр.', 51, 55.1703789802915000, 61.3914089802915000),
(182, 'Труда', 183, 55.1684899802915000, 61.3748979802915100),
(183, 'Кирова', 90, 55.1667849802915100, 61.4015439802915000),
(184, 'ул. Красная', 71, 55.1598489802914900, 61.3954599802915000),
(185, 'Энтузиастов', 15, 55.1551559802915000, 61.3783659802915100),
(186, 'Пр.Ленина', 61, 55.1611099802914900, 61.3962509802915000),
(187, 'Академика Сахарова', 11, 55.1603169802914900, 61.2994709802915000),
(188, 'Пр.Ленина', 50, 55.1621909802914900, 61.4091029802915000),
(189, 'Молдавская', 16, 55.1919139802915100, 61.3046969802915000),
(190, 'Труда', 153, 55.1686569802915000, 61.3973309802915100),
(191, 'Кирова', 159, 55.1658749802914900, 61.4026989802915100),
(192, 'Кирова', 161, 55.1653369802915000, 61.4029279802915000),
(193, 'Комсомольский проспект', 24, 55.1950649802914900, 61.3593659802915000),
(194, 'С.Кривой', 83, 55.1582999802915000, 61.3697919802915000),
(195, 'Аношкина', 4, 55.3186459999999900, 61.5909059999999900),
(196, 'Труда', 105, 55.1689969802915100, 61.4009459802915100),
(197, 'Свердловский пр.', 51, 55.1703789802915000, 61.3914089802915000),
(198, 'Бр.Кашириных', 156, 55.3186459999999900, 61.5909059999999900),
(199, '40 лет Победы', 35, 54.9634140000000100, 60.4111720000000000),
(199, 'пр. Ленина', 64, 55.1619829802915000, 61.3852749802915100),
(200, 'Труда', 183, 55.1684899802915000, 61.3748979802915100),
(201, 'Чайковского', 58, 55.1809699802915000, 61.3528889802915000),
(202, 'Ленина пр.', 75, 55.1605559802915000, 61.3797429802915000),
(203, 'Молодогвардейцев', 34, 55.1952129802915000, 61.3333549802915000),
(204, 'Каслинская', 99, 55.1768419802915100, 61.3964959802915000),
(205, 'Братьев Каширина', 158, 55.1655829802915000, 61.2952979802915000),
(206, 'Ленина', 51, 55.1614329802915000, 61.4079799802915000),
(209, 'Елькина', 45, 55.1629629802915000, 61.4001009802915000),
(210, 'Российская', 67, 55.1727069802914900, 61.4174029802915000),
(211, 'Троицкий тракт', 54, 55.1071519802915000, 61.3894199802915000),
(212, 'Ленина', 35, 55.1612939802915000, 61.4163229802915000),
(213, 'Дзержинского', 93, 55.1325189802915100, 61.4356919802915100),
(214, 'Чапаева', 114, 55.1182972802914900, 61.4488058302915000),
(215, 'Энтузиастов', 26, 55.1526539802915000, 61.3773309802915000),
(216, 'Кирова', 139, 55.1674779802914900, 61.4022359802915000),
(217, 'Гагарина', 6, 55.1448699802915000, 61.4444139802915100),
(218, 'Воровского', 6, 55.1587379802915000, 61.3965659802915000),
(219, 'Героев Танкограда', 33, 55.1823219802915000, 61.4482649802915000),
(223, 'Цвиллинга', 20, 55.1651259302915000, 61.4052153802915200),
(224, 'Свободы', 139, 55.1613439802915000, 61.4134459802915000),
(225, 'кафе находится на оз.Б.Кременкуль', 9, 55.3186459999999900, 61.5909059999999900),
(226, 'Молдавская', 16, 55.1919139802915100, 61.3046969802915000),
(227, 'Орджоникидзе', 58, 55.1529016302915000, 61.4052105302914900),
(228, 'Ленина', 35, 55.1612939802915000, 61.4163229802915000),
(229, 'Академика Королева', 10, 55.1654639802915000, 61.3012769802915000),
(230, 'пр. Ленина', 26, 55.1629219802914900, 61.4360569802915000),
(231, 'Кирова', 80, 55.1687429802915000, 61.4007519802915100),
(232, 'Салавата Юлаева', 28, 55.1733992302915000, 61.2948979302915000),
(237, 'Молдавская', 16, 55.1919139802915100, 61.3046969802915000),
(238, 'ул Энтузиастов', 12, 55.1581639802914900, 61.3767509802915000),
(239, 'Труда', 156, 55.1688108802915000, 61.3935189302915100),
(240, 'Сони Кривой', 83, 55.1582999802915000, 61.3697919802915000),
(241, 'Каслинская', 27, 55.1832509802915000, 61.3961589802915000),
(242, 'пр. Ленина', 26, 55.1629219802914900, 61.4360569802915000),
(243, 'пр. Ленина', 26, 55.1629219802914900, 61.4360569802915000),
(243, 'пр.Ленина', 26, NULL, NULL),
(244, 'Академика Сахарова', 11, 55.1603169802914900, 61.2994709802915000),
(245, 'Кирова', 82, 55.1686099802915100, 61.4013199802915000),
(246, 'Богдана Хмельницкого', 4, 55.2601779802914900, 61.4035129802915100),
(247, 'Молдавская', 16, 55.1919139802915100, 61.3046969802915000),
(248, 'Салавата Юлаева', 17, 55.1779069802915000, 61.2907239802915100),
(254, 'Труда', 105, 55.1689969802915100, 61.4009459802915100),
(255, 'Труда', 105, 55.1689969802915100, 61.4009459802915100),
(256, 'Чайковского', 7, 55.1947979802915000, 61.3654249802915000),
(257, 'Б.Хмельницкого', 10, 55.1281054302914900, 61.6101194802915000),
(258, 'пр. Ленина', 64, 55.1619829802915000, 61.3852749802915100),
(259, 'Академика Королева', 23, 55.1627899802914900, 61.2980989802915100),
(259, 'Каслинская', 64, 55.1745589802915000, 61.3938999802915000),
(260, 'Героев Танкограда', 75, 55.1716739802914900, 61.4554159802915000),
(261, 'Кирова', 82, 55.1686099802915100, 61.4013199802915000),
(266, 'пр. Ленина', 28, 55.1628389802915000, 61.4262259802915000),
(267, 'Елькина', 43, 55.1636259802915100, 61.4001379802915100),
(268, 'Плеханова', 45, 55.1561139802914900, 61.4101709802915100),
(269, 'Цвиллинга', 25, 55.1662109802915000, 61.4058319802915100),
(270, 'Молдавская', 16, 55.1919139802915100, 61.3046969802915000),
(271, 'пр.Ленина', 20, 55.1625739802914900, 61.4414849802915100),
(272, 'Горького', 38, NULL, NULL),
(273, 'Ленина', 71, 55.1607989802915000, 61.3859079802915100),
(273, 'Молодогвардейцев', 68, 55.1818519802914900, 61.3334079802915000),
(279, 'Академика Сахарова', 11, 55.1603169802914900, 61.2994709802915000),
(280, 'Комсомольский проспект 10', 6, 55.1939669802915000, 61.3761299802915000),
(281, 'Горького', 36, 55.1785889802915000, 61.4398449802915100),
(282, '250 лет Челябинска', 38, 54.9877427802915100, 61.4724159302915000),
(283, 'Комаровского', 9, 55.2420679802914900, 61.3761639802915100),
(284, 'Бейвеля', 14, 55.1955629302915000, 61.2815484802915000),
(285, 'Кирова', 139, 55.1674779802914900, 61.4022359802915000),
(286, 'Каслинская', 101, 55.1760049802914900, 61.3978269802915000),
(287, '60 лет Октября', 11, 54.9876798802915000, 61.4789955302915100),
(288, 'Бейвеля', 6, 55.1941969802914900, 61.2822519802915100),
(289, '60 лет Октября', 26, 55.0147219802915000, 60.1045239802915000),
(290, 'Гагарина', 31, 55.1334219802914900, 61.4385929802915000),
(293, 'Цвиллинга', 34, 55.1630279802915000, 61.4047499802915100),
(294, 'Энгельса', 107, 55.1490659802915100, 61.3825049802915100),
(295, 'Красная', 48, 55.1575229802915000, 61.3948759802915100),
(296, 'Энтузиастов', 11, 55.1575269802915000, 61.3777529802915000),
(297, 'Энтузиастов', 36, 55.1485989802915000, 61.3777189802915000),
(298, 'Лесопарковая', 7, 55.1515971802915000, 61.3665890302915100),
(299, 'пр. Ленина', 54, 55.1621809802915000, 61.4038089802915100),
(300, 'Блюхера', 56, 55.1323018802915000, 61.3692466802915100),
(301, 'Кирова', 94, 55.1657689802915000, 61.4011309802915100),
(302, 'Энтузиастов', 11, 55.1575269802915000, 61.3777529802915000),
(303, 'Сони Кривой', 73, 55.1585519802914900, 61.3756769802915100),
(304, 'Пр.Ленина', 63, 55.1610769802915000, 61.3941379802915000),
(305, 'Свободы', 30, 55.1675759802915000, 61.4117159802915000),
(306, 'Сони Кривой', 69, 55.1585179802915000, 61.3781319802915100),
(307, 'Цвиллинга', 25, 55.1662109802915000, 61.4058319802915100),
(308, 'Цвиллинга', 44, 55.1585049802915000, 61.4076399802915100),
(309, 'Академика Королева', 3, 55.1639709802915100, 61.3013309802915000),
(310, 'Бейвеля', 6, 55.1941969802914900, 61.2822519802915100),
(311, 'Жукова', 1, 55.2611459802915100, 61.3930929802915100),
(312, 'Свердловский тракт', 7, 55.1994429802914900, 61.3881769802915000),
(313, 'Кирова', 117, 55.1691817302915000, 61.4015757802915200),
(314, 'Комсомольский пр.', 112, 55.1900279802915000, 61.2900839802915100),
(315, 'Энтузиастов', 11, 55.1575269802915000, 61.3777529802915000),
(316, 'Каслинская', 40, 55.1865579802915000, 61.3950099802915000),
(317, 'пр. Ленина', 51, 55.1614329802915000, 61.4079799802915000),
(318, 'Академика Королева', 3, 55.1639709802915100, 61.3013309802915000),
(319, 'пр. Ленина', 66, 55.1618359802914900, 61.3797309802915100),
(320, 'Ленина', 63, 55.1610769802915000, 61.3941379802915000),
(321, 'Героев Танкограда', 118, 55.1707669802915000, 61.4531839802915100),
(322, 'Молодогвардейцев', 48, 55.1916549802915100, 61.3333779802915000),
(323, 'Воровского', 6, 55.1587379802915000, 61.3965659802915000),
(324, 'Лесопарковая', 15, 55.1518439802915000, 61.3672149802915100),
(325, 'Бр. Кашириных', 85, 55.3186459999999900, 61.5909059999999900),
(326, 'пр.Ленина', 35, 55.1612939802915000, 61.4163229802915000),
(327, 'Свободы', 153, 55.1561549802915000, 61.4163849802915000),
(328, 'Труда ул', 183, 55.1684899802915000, 61.3748979802915100),
(329, 'Жукова', 5, 55.2601509802915100, 61.3928219802915000),
(330, 'Труда', 91, 55.1692109802915100, 61.4078589802915100),
(331, 'Косарева', 56, 55.1801149802914900, 61.3732559802915000),
(332, 'Энтузиастов', 11, 55.1575269802915000, 61.3777529802915000),
(334, 'Труда', 153, 55.1686569802915000, 61.3973309802915100),
(335, 'Пушкина', 48, 55.1634269802915000, 61.4098449802915100),
(336, 'Кирова', 104, 55.1646169802914900, 61.4016729802915000),
(337, 'пр. Победы', 293, 55.1897289802915000, 61.3261949802915000),
(338, 'Артиллерийская', 136, 55.1654909802915000, 61.4323749802915000),
(339, 'Труда', 179, 55.1688763302915000, 61.3830417302915100),
(340, 'Воровского', 61, 55.1465459802914900, 61.3827369802915000),
(341, 'Кирова', 108, 55.1638529802915000, 61.4011289802915100),
(342, 'Каслинская', 5, 55.1938489802914900, 61.3945759802915000),
(343, 'Доватора', 11, 55.1392960302915000, 61.4042511802915000),
(344, 'Карла Маркса', 131, 55.1662629802914900, 61.3955779802915100),
(345, 'Советская', 36, 55.1635569802915000, 61.4075289802915000),
(346, 'Салютная', 10, 55.1740399802915000, 61.4542449802915000),
(347, 'Свердловский пр.', 59, 55.1660369802914900, 61.3923239802915000),
(348, 'ул.Чапаева', 114, 55.0769649802914900, 61.4052689802915100),
(349, 'Троицкий тракт', 53, 55.1071260802915100, 61.3886547802915000),
(350, 'Цвиллинга', 5, 55.1685279802915000, 61.4053209802915000),
(351, 'Хлебозаводская', 7, 55.2426509802915000, 61.4202069802915000),
(352, 'Сони Кривой', 83, 55.1582999802915000, 61.3697919802915000),
(353, 'Ленина', 71, 55.1607989802915000, 61.3859079802915100),
(355, 'Богдана Хмельницкого', 17, 55.2588779802914900, 61.3935089802915100),
(356, 'К.Маркса', 56, 55.1667656302915000, 61.4088404302915100),
(357, 'Плеханова', 45, 55.1561139802914900, 61.4101709802915100),
(358, 'Хлебозаводская', 15, 55.2477835302915100, 61.4104373802915000),
(359, 'Молодогвардейцев', 34, 55.1952129802915000, 61.3333549802915000),
(360, 'Комарова', 137, 55.1751799802915000, 61.4579329802915000),
(361, 'Воровского', 36, 55.1506019802915000, 61.3860589802915000),
(362, 'Копейское шоссе', 24, 55.1246539802915000, 61.5047239802915100),
(363, 'Российская', 34, 55.1841049802914900, 61.4152699802915000),
(364, 'Энтузиастов', 11, 55.1575269802915000, 61.3777529802915000),
(365, 'Труда', 105, 55.1689969802915100, 61.4009459802915100),
(367, 'Хмельницкого', 26, 55.2598679802915000, 61.3818009802915100),
(368, 'Яблочкино', 3, 55.3186459999999900, 61.5909059999999900),
(369, 'Кожзаводская', 4, 55.1934005802915000, 61.3953092302915100),
(370, 'Салютная', 9, 55.1730239802915100, 61.4539459802915000),
(371, 'Тополиная', 28, 53.4117708302915000, 58.9227524802914900),
(372, 'Кирова', 7, 55.1814139802915000, 61.4015049802915000),
(373, 'Энтузиастов', 11, 55.1575269802915000, 61.3777529802915000),
(374, 'Цвиллинга', 31, 55.1630509802914900, 61.4060519802915000),
(375, 'Мамина', 27, 55.1746889802915000, 61.4838019802915000),
(376, 'ул. Чичерина', 35, 55.1773479802914900, 61.3037279802915000),
(377, 'Гагарина', 37, 55.1308508302915000, 61.4363402802915100),
(378, 'Кронштадская', 15, 55.1276049802914900, 61.4715599802915100),
(379, 'Свердловский пр.', 31, 55.1829139802915000, 61.3892139802915100),
(380, 'Игуменка', 155, 55.1494900000000000, 61.4291782000000000),
(381, 'Российская', 30, 55.1870859802915000, 61.4148719802915000),
(382, 'Энтузиастов', 11, 55.1575269802915000, 61.3777529802915000),
(383, 'Воровского 73', 7, 55.1430009802915100, 61.3778059802915100),
(384, 'Сормовская', 32, 55.1941469802915000, 61.4464312000000000),
(385, 'Воровского', 60, 55.1435109802915000, 61.3772909802915000),
(387, 'Воровского', 6, 55.1587379802915000, 61.3965659802915000),
(388, 'Черкасская', 6, 55.2409959802914900, 61.3802499802915100),
(389, 'Карла Либкнехта', 2, 55.0943739802914900, 61.6011219802915100),
(390, 'Академика Королева', 15, 55.1639569802914900, 61.2989029802915100),
(391, 'Энтузиастов', 11, 55.1575269802915000, 61.3777529802915000),
(392, 'Цвиллинга', 15, 55.1671349802915100, 61.4054349802915000),
(393, 'площадь Мопра', 7, 55.1638449802915000, 61.4197139802915000),
(394, 'Новороссийская', 97, 55.1172399802915000, 61.4461919802915000),
(395, 'Троицкий тракт', 53, 55.1071260802915100, 61.3886547802915000),
(396, 'Энгельса', 107, 55.1490659802915100, 61.3825049802915100),
(397, 'Хмельницкого', 14, 55.1285016302915000, 61.6101653802915100),
(398, '40 лет Победы', 31, 54.9634140000000100, 60.4111720000000000),
(399, 'Орджоникидзе', 58, 55.1529016302915000, 61.4052105302914900),
(400, 'Копейское шоссе', 1, 55.1219899802915100, 61.5126919802915000),
(401, 'Калинина', 17, 55.1803799802914900, 61.3946809802915000),
(402, 'Комсомольский пр.', 83, 55.1953119802915000, 61.3138279802915000),
(403, 'Масленникова', 6, 55.1193949802915000, 61.4667039802915100),
(404, 'Воровского', 16, 55.1560239802914900, 61.3943199802915100),
(405, 'Цвиллинга', 25, 55.1662109802915000, 61.4058319802915100),
(406, 'Свободы 32', 5, 55.1672159802914900, 61.4118749802915100),
(407, 'Молодогвардейцев', 23, 55.1986629802914900, 61.3346709802915000),
(408, 'Пушкина', 60, 55.1609219802914900, 61.4102239802915100),
(409, 'Свердловский пр.', 59, 55.1660369802914900, 61.3923239802915000),
(410, 'Свердловский пр.', 51, 55.1703789802915000, 61.3914089802915000),
(411, '40 лет Победы', 30, 54.9634140000000100, 60.4111720000000000),
(412, 'Куйбышева', 51, 55.1989429802915000, 61.3445039802915000),
(413, 'Татьяничевой', 9, 55.1524369802914900, 61.3697539802915100),
(414, 'Барбюса', 132, 55.1330609802915000, 61.4286719802915000),
(416, 'Каслинская', 24, 55.1922809802915000, 61.3922349802915000),
(417, '8 Марта', 108, 55.1748599802915000, 61.3874349802915100),
(420, 'Комарова', 127, 55.1802929802914900, 61.4618959802915000),
(421, 'Комсомольский пр.', 93, 55.1953379802914900, 61.3065559802915000),
(422, 'Танкистов', 189, 55.1677049802915000, 61.4694199802915100),
(423, 'Косарева', 52, 55.1810979802915000, 61.3733029802915000),
(424, 'Цвиллинга', 5, 55.1685279802915000, 61.4053209802915000),
(425, 'Володарского', 50, 55.1601209802915000, 61.3864609802915000),
(426, 'Троицкая', 1, 55.1273769802915000, 61.3767089802915000),
(427, '40 лет Победы', 29, 54.9634140000000100, 60.4111720000000000),
(428, '1-ая Окружная', 3, 55.1458060000000000, 61.4020881999999900),
(429, 'Героев Танкограда', 63, 55.1762919802915000, 61.4528839802915000),
(430, 'Свободы', 83, 55.1664499802915000, 61.4131209802915100),
(431, 'Советская', 34, 55.1653509802914900, 61.4072379802915100),
(432, 'Бр.Кашириных', 85, 55.3186459999999900, 61.5909059999999900),
(433, 'Чичерина', 22, 55.1852239802915000, 61.2882899802915000),
(434, 'Академика Королева', 3, 55.1639709802915100, 61.3013309802915000),
(435, 'Ленина', 26, 55.1629219802914900, 61.4360569802915000),
(436, 'Масленникова', 9, 55.1182039802915000, 61.4660269802915100),
(439, 'пр. Ленина', 40, 55.1623729802915000, 61.4165019802915100),
(440, 'Береговая 32-А', 1, 55.1818509802914900, 61.4033519802915100),
(441, 'Свободы', 66, 55.1622789802915100, 61.4123909802915000),
(442, 'Молодогвардейцев', 64, 55.1761307302915000, 61.3364533302915000),
(443, 'Плеханова', 14, 55.1574899802915000, 61.4178029802915000),
(444, 'Университетская набережная', 32, 55.1762879802915000, 61.3483749802915000),
(445, 'Степана Разина', 4, 54.0808529802915000, 61.5623779802915000),
(446, 'Карла Маркса', 38, 55.1671949802915000, 61.4130799802915000),
(447, 'Сони Кривой', 69, 55.1585179802915000, 61.3781319802915100),
(448, 'Клары Цеткин', 11, 55.1677779802915000, 61.3851379802915100),
(449, 'Марченко', 13, 55.1719709802914900, 61.4643639802915000),
(450, 'Баталова', 17, 55.1305695802915000, 61.4472027302915000),
(451, '40 лет Победы', 33, 54.9634140000000100, 60.4111720000000000),
(452, 'С.Кривой', 69, 55.1585179802915000, 61.3781319802915100),
(453, 'Энгельса', 23, 55.1633444802915000, 61.3823306302915000),
(454, 'Бажова', 91, 55.1828039802915000, 61.4544959802915000),
(455, 'пр. Ленина', 63, 55.1610769802915000, 61.3941379802915000),
(456, 'Кирова', 139, 55.1674779802914900, 61.4022359802915000),
(457, 'пр. Ленина', 2, 55.1623709802915100, 61.4648799802915100),
(458, 'Елькина', 45, 55.1629629802915000, 61.4001009802915000);

-- --------------------------------------------------------

--
-- Table structure for table `cafes`
--

CREATE TABLE IF NOT EXISTS `cafes` (
  `id` int(10) NOT NULL AUTO_INCREMENT,
  `name` varchar(50) NOT NULL,
  `phones` varchar(30) DEFAULT NULL,
  `avg_price` smallint(6) DEFAULT NULL,
  PRIMARY KEY (`id`),
  UNIQUE KEY `name` (`name`)
) ENGINE=InnoDB  DEFAULT CHARSET=utf8 AUTO_INCREMENT=459 ;

--
-- Dumping data for table `cafes`
--

INSERT INTO `cafes` (`id`, `name`, `phones`, `avg_price`) VALUES
(1, 'Abyss', ' (351) 796-56-21, 796-56-23', 500),
(2, 'Bad Gastein', ' 265-93-92', 1000),
(3, 'Belfast', ' 22-64-48', 500),
(4, 'Cafe Vintage', ' 256-77-06', 1000),
(5, 'Coco Bongo', ' (351) 270-36-70', 500),
(6, 'Dekameron', ' 262-83-50', 500),
(7, 'D`or', NULL, 500),
(8, 'Fox&Goose', ' 264-37-90', 500),
(9, 'Galleria Venezia', ' (351) 237-63-17, 237-65-87', 1000),
(10, 'IL GUSTO', ' 775-11-66', 500),
(11, 'Jackson`s bar&grill ', NULL, 500),
(12, 'Karma', ' (351) 727-84-95', 500),
(13, 'King`s Cross', ' 237-82-05', 500),
(14, 'La Cucaracha ', ' 230-12-19', 500),
(15, 'Las Margaritas', ' 247-46-18', 500),
(16, 'Only', ' 266-20-02', 500),
(17, 'Papa Carlo', ' 260-18-92', 500),
(18, 'Saigon', '796-08-56', 500),
(37, 'Soho-bar', NULL, 500),
(38, 'Sушка', ' 264-36-16', 500),
(39, 'Tobacco', ' 262-29-67', 500),
(40, 'Victoria Gourment', NULL, 500),
(41, 'VINTAGE', ' 265-83-38', 500),
(42, 'Voice', ' 65-44-51', 2500),
(43, 'Wall Street ', NULL, 500),
(44, 'Western', ' 731-22-61', 1000),
(45, 'Wok-cafe', ' (351) 245-26-46', 1000),
(46, 'Yoko Bank`a', ' 262-88-55', 500),
(47, 'ZanziBar', ' 231-56-18', 500),
(48, 'Авиньон', ' (351) 263-73-81', 500),
(49, 'Амазонка', ' (351) 263-63-30', 500),
(50, 'Антипаб Russ-House [Изба]', NULL, 500),
(51, 'Арго', ' (351) 775-31-40', 500),
(52, 'Аристократ', ' 264-36-03', 1000),
(53, 'Астория', NULL, 500),
(54, 'Белая лошадь', '264-52-21', 500),
(57, 'Болгарский дом', NULL, 500),
(58, 'Боулинг клуб', NULL, 500),
(59, 'Васаби', ' 265-95-92', 500),
(60, 'Винил-Кафе', ' 247-45-45', 500),
(61, 'Гамбринус', NULL, 500),
(62, 'ГлавПивТрест', ' (351) 741-69-17, 263-06-05', 500),
(63, 'Грильяж', ' 741-22-51', 500),
(64, 'Гулливер', ' 791-38-75', 500),
(65, 'Дежа Вю', NULL, 500),
(66, 'Дракон', ' (351) 794-05-87', 500),
(67, 'Едок', ' 779-32-88', 1000),
(68, 'Ермак', ' (351) 261-01-75', 500),
(69, 'Журавлина', ' 248-05-63', 500),
(70, 'Замок Атоса', NULL, 500),
(71, 'Золотая Русь', ' 741-34-59, 741-15-32', 500),
(72, 'Золотой теленок', NULL, 500),
(73, 'Кавказская кухня', ' 731-60-80', 500),
(74, 'КамIN', ' (351) 283-26-61', 1000),
(75, 'Капитан Флинт', NULL, 500),
(76, 'Кекс', '247-46-18', 1000),
(77, 'Клеопатра', ' 264-00-01', 500),
(78, 'Кофеин', NULL, 500),
(79, 'Лайма', NULL, 500),
(80, 'Лаки Смайл', ' 265-55-66', 500),
(81, 'Лион', ' (351) 772-99-56', 500),
(82, 'Людмила', '772-76-38, 772-76-46', 500),
(83, 'Малибу', ' 798-52-78', 500),
(84, 'Маркштадт', ' (351) 247-53-53', 500),
(85, 'Масляница', ' 235-22-71', 500),
(86, 'Мистер Икс', '798-98-99, 741-20-16', 1000),
(87, 'На старом месте', '2-150-170, 2-150-182', 500),
(88, 'Немо', '263-44-05', 500),
(89, 'Ново Кафе', ' (351) 798-46-18, 792-21-81', 500),
(90, 'Одиссей', ' 724-23-98', 500),
(91, 'Остап Бендер', ' 796-50-88', 500),
(92, 'Отдых', NULL, 500),
(93, 'Пантагрюэль', ' 263-60-23', 500),
(94, 'Патриот', ' 794 62 79', 500),
(96, 'Причал', ' (351) 260-18-92', 1000),
(97, 'Ребрышковая', ' (351) 220-00-02', 500),
(98, 'Ричард', ' (351) 793-10-57', 500),
(99, 'Робин-Бобин ', ' 263-76-63', 500),
(100, 'Севан', ' 778-15-51, 262-88-08', 500),
(101, 'Сицилия', '263-15-54, 8-922-711-98-15', 500),
(102, 'Сова', ' 264-55-88', 500),
(103, 'Солярис', ' 775-16-96, 775-16-97, 231-08-', 500),
(104, 'Старая команда', ' 775-35-00', 500),
(105, 'Сфера', NULL, 500),
(106, 'Товарищ', ' (351) 245-25-55', 500),
(107, 'Уральские пельмени', ' 265-95-91', 500),
(114, '007', '21-91-007, 21-92-007', 200),
(115, '2 Этаж', '7777-8-22', 100),
(116, '4 сезона', '283-76-15', 500),
(117, 'A-café', '210-00-25, 8-919-115-76-08', 200),
(118, 'Acafe', '211-65-65', 100),
(119, 'Al Capone', '727-13-01, 727-50-70', 400),
(120, 'Alexander Home RestoBar и Легенда Bar', '777-77-87', 200),
(121, 'Ambassador', '779-31-00', 100),
(122, 'Attimo', '233-77-46', 300),
(123, 'Baccara', NULL, 500),
(124, 'Barbaris', '777-48-29 ,237-05-32', 300),
(125, 'Best Seller', '729-34-36, 8-951-812-51-15', 200),
(126, 'Borgo', '263-41-28', 400),
(127, 'Brooklyn', '200-44-40', 400),
(128, 'Chinggis Khaan', '219-50-51, 8-922-632-49-30', 500),
(152, 'D-club', NULL, 500),
(153, 'Da Vinci', '218-92-08', 400),
(154, 'Deja-Vu', '263-56-69', 300),
(155, 'Dirigeable', '281-10-03', 500),
(156, 'Do-re-mi', '200-44-40', 200),
(157, 'Donald', '223-35-35', 500),
(158, 'Family Grill', '283-03-07, 220-11-52, +7 (919)', 400),
(159, 'Gold Sky', NULL, 500),
(160, 'Granat', '8-950-739-71-11, 776-61-28', 300),
(161, 'Grand Royal', '24-009-00, 21-020-21', 200),
(162, 'GRAND кафе', '263-56-69', 200),
(163, 'Green Pelican Pub', '776-22-72, 8-908-066-99-99', 300),
(164, 'Gusto Место', '223-23-74, 8-912-891-99-19, 8-', 300),
(167, 'ItiKan', '218-40-78, 777-52-36', 200),
(168, 'Jackson''s bar&grill', '771-59-13, 771-59-15', 300),
(169, 'Kamakura', '265-79-95', 300),
(170, 'King’s Cross', '260-18-92', 500),
(171, 'Koonjoot', '750-26-39', 200),
(172, 'Lion', '772-99-56', 100),
(173, 'Lucky Smile', '265-55-66', 100),
(174, 'Martinn', '778-63-15, 248-90-72', 500),
(175, 'Meet.Point', '265-85-46; 220-49-48', 300),
(179, 'Mix Pizza', '775-17-56, 225-03-60', 100),
(180, 'Moravský vrabec', '265-93-83 (бронирование столик', 400),
(181, 'Moskva', NULL, 300),
(182, 'NikaBowl', '200-44-40', 100),
(183, 'Oscar', '22-000-84', 100),
(184, 'Over Time', '219-777-3', 100),
(185, 'O`K', '261-83-15, 270-51-94', 200),
(186, 'Panini', '211-34-16', 200),
(187, 'Pasta Wok', '236-000-3', 400),
(188, 'Pizza House', '265-93-00', 100),
(189, 'Pizza дня', '211-65-65', 400),
(190, 'Portofino', '263-07-78', 100),
(191, 'POSTMAN CATERING', 'Подробности и заказ банкетов: ', 200),
(192, 'Pretty Betty', '263-76-63 (Кирова), 216-16-38 ', 200),
(193, 'PRO-SUSHI', '7-504-504, 7-506-506', 400),
(194, 'R.E.D.', '+7-922-720-21-26', 300),
(195, 'Red Lion', '211-00-27, +7-912-779-27-85', 500),
(196, 'ROME', NULL, 100),
(197, 'Roxy Bar', NULL, 200),
(198, 'SanRemo', '22-515-11', 400),
(199, 'SAO TAO', '272—01-20, 771-54-17', 500),
(200, 'Satori', '200-44-40', 500),
(201, 'Serenada', '8-908-041-38-80, 777-48-03', 200),
(202, 'Shury Mury', '266-65-23', 200),
(203, 'Soho Bar', '(351) 231-42-96 , 210-00-20', 300),
(204, 'Soprano', '777-81-81, 777-88-22', 100),
(205, 'Story', '8-922-74-077-54', 300),
(206, 'SunTera', '8-922-739-77-29', 300),
(209, 'TUSSE', '247-46-40, 8-912-8-9999-80', 500),
(210, 'Virginia', 'с 10:00-12:00 721-72-86, с 12:', 100),
(211, 'Vizant', '269-39-69', 400),
(212, 'World Trade Center', '+7 912 312-49-51', 400),
(213, 'Аврора', '776-76-99, 256-13-63', 500),
(214, 'Автограф', '729-82-29', 100),
(215, 'Адмирал', '232-29-50, 8-950-741-54-75', 500),
(216, 'Академия суши', '263-02-51', 500),
(217, 'Алмаз', '256-14-87, Заказ банкета 8-963', 200),
(218, 'Арагац', '271-83-30', 300),
(219, 'Баклажан', '750-13-50, 750-11-50', 500),
(223, 'Балкан Гриль', '265-86-46', 400),
(224, 'Блин street', '8-922-722-40-72', 300),
(225, 'Боярская станица', '8-922-720-20-35', 200),
(226, 'Брудершафт', '211-65-66', 500),
(227, 'Веранда', '263-66-57, 215-66-61', 300),
(228, 'Веселый кабан', '265-82-80', 500),
(229, 'Гости', '777-79-67', 400),
(230, 'Гранд отель «ВИДГОФ»', '724-40-00, 220-00-00', 200),
(231, 'Джеймс Батлер', '233-55-01, 225-11-33', 500),
(232, 'Зебра', '283-77-00', 300),
(237, 'Караван-Сарай', '211-65-65', 200),
(238, 'Карамель', NULL, 400),
(239, 'Козловица', '272-02-63, 272-02-64', 200),
(240, 'Компания друзей', '245-08-58, +7 922 720 21 26', 400),
(241, 'Корс', '790-63-40', 200),
(242, 'Купол', '724-40-00, 220-00-00', 200),
(243, 'Кураж', '220-30-00', 100),
(244, 'Лапшичная № 1 Pasta Wok', '236-000-3', 100),
(245, 'Лунный свет', '222-02-35', 500),
(246, 'Мамина кухня', '720-48-99, 8-351-903-48-50', 100),
(247, 'Мегалэнд', NULL, 300),
(248, 'Мелиот', '225-11-00, +7 950 725-11-00', 400),
(254, 'Ничего личного', '222-02-37', 500),
(255, 'Ну', NULL, 400),
(256, 'О.Бендеръ', '796-50-88, 797-83-29, 8-982-11', 200),
(257, 'Папина кухня', '8-351-903-48-50', 500),
(258, 'Пицца Roma', '272-01-20, 771-54-17', 200),
(259, 'Пиццамания', 'Челябинск  (351) 267-11-68, 26', 500),
(260, 'Победа', '772-81-28, 8-952-501-9296', 100),
(261, 'Потерянное общество', '220-11-51', 400),
(266, 'Премьер', '264-47-44', 300),
(267, 'Променад', '265-06-37', 300),
(268, 'Пятница', NULL, 300),
(269, 'Рояль', NULL, 200),
(270, 'Сахар', '211-65-65', 500),
(271, 'Славянка', '775-29-50, 775-29-51', 500),
(272, 'Смена', '774-56-46', 200),
(273, 'Старый Ереван', '265-30-31', 100),
(279, 'Сытый самурай', '233-62-15, 731-58-18', 300),
(280, 'ТориС', NULL, 400),
(281, 'Трактир на Горького', '774-56-46', 300),
(282, 'Трактор', '8 950 740 88 55', 300),
(283, 'Утес', '726-95-27, 726-98-64', 300),
(284, 'Хайям', '272-00-22', 100),
(285, 'Чайхана', '263-50-65', 300),
(286, 'Челяба', '22-33-180, 8-951-785-25-24', 400),
(287, 'Шерхан', '233-14-14', 300),
(288, 'Эсмеральда', '776-4-999', 500),
(289, '3D club', NULL, 100),
(290, '7 Пятниц', '8-904-972-77-88', 400),
(293, 'Angel', '264-57-14, 220-03-00', 500),
(294, 'AngelA', '217-06-00', 500),
(295, 'BakerStreet', '8-912-791-73-55', 200),
(296, 'Barbaresco', '231-82-82', 200),
(297, 'Basilio', '235-64-33, 210-24-29', 300),
(298, 'Belochka', '222-40-35', 100),
(299, 'Blueberry', '777-48-06', 200),
(300, 'Brumby', '211-13-11, 211-32-44', 400),
(301, 'Bukowski', NULL, 300),
(302, 'Cabaret', '225-11-25', 300),
(303, 'Chalet', '232-19-48', 300),
(304, 'Chin-Chin', '265-22-57, 215-79-09', 300),
(305, 'Chinese Rose', '240-03-20', 100),
(306, 'Citybar', '700-00-13', 500),
(307, 'Cloks', '777-85-56', 400),
(308, 'Coolbikes', '263-53-77', 500),
(309, 'DJ Gold', '248-49-29', 400),
(310, 'Ellada Gold', '283-03-73', 200),
(311, 'Escobar', NULL, 300),
(312, 'Food Service', NULL, 200),
(313, 'Fox & Goose', '264-37-90', 400),
(314, 'FunQ', NULL, 100),
(315, 'Gallery', NULL, 200),
(316, 'Gastroinox', NULL, 200),
(317, 'Golden Buddha', NULL, 200),
(318, 'Jagger', NULL, 500),
(319, 'Jazz-bar', NULL, 100),
(320, 'Kagawa.ru', '734-94-84', 500),
(321, 'Kalipso', '776-95-03', 400),
(322, 'Katsura', '750-99-19', 300),
(323, 'KillFish', '8-800-333-09-77', 300),
(324, 'La fleur de ПРОВАНС', '261-13-56', 400),
(325, 'Liverpool', NULL, 300),
(326, 'Mad Flat', '264-21-59', 100),
(327, 'MasterGlass – Челябинск (Дион)', NULL, 200),
(328, 'Maximillians', NULL, 300),
(329, 'Mc Burger', '219-01-05', 400),
(330, 'McQueen', '751-23-42', 500),
(331, 'Megami', '740-55-12, 236-56-56', 200),
(332, 'Mini Panini', '223-62-83', 200),
(334, 'Mirage', '8 951 800 80 80', 400),
(335, 'New Time', NULL, 400),
(336, 'Noodles bar', '263-66-38', 300),
(337, 'OVO', '233-03-50', 400),
(338, 'Parasole', '247-18-55', 300),
(339, 'Paulaner', '2-168-888', 100),
(340, 'People', '260-92-87', 200),
(341, 'Peperoni', NULL, 500),
(342, 'Pro-cards', NULL, 200),
(343, 'Red Crystall', '270-15-70', 300),
(344, 'Red Hall', '246-55-55, 264-20-98 (банкетна', 100),
(345, 'Redactor', '200-42-05', 500),
(346, 'RestoPizza', '270-60-66', 100),
(347, 'Shizgara', NULL, 100),
(348, 'SmolinoPark', '729-82-29', 100),
(349, 'Sofa', '8-919-112-13-13', 100),
(350, 'Sorry', NULL, 300),
(351, 'Sound-Box', NULL, 500),
(352, 'Steakman', NULL, 500),
(353, 'Stolle', '265-53-37, 265-54-11', 200),
(355, 'Sunny', NULL, 200),
(356, 'The Бочка', '270-81-99, резерв столиков - 7', 100),
(357, 'UltraScan', NULL, 300),
(358, 'Vega', NULL, 100),
(359, 'Victoria', '21-000-20', 100),
(360, 'YakiRu', '21-555-77', 100),
(361, 'Zoller-hof', '225-19-51', 300),
(362, 'Абела', '8(351)248-90-47, 89193260235', 300),
(363, 'Аллигатор', NULL, 100),
(364, 'Амигос', '225-11-25', 100),
(365, 'Анталия', '263-31-38', 200),
(367, 'Бавария', '720-04-24, 248-90-72', 300),
(368, 'Бамбучо', NULL, 500),
(369, 'Бар-Стиль', NULL, 100),
(370, 'Баязет', NULL, 300),
(371, 'Белый замок', '777-63-83', 300),
(372, 'Бешеная собака', '240-20-00', 200),
(373, 'Библиотека пива', '8-902-604-45-66', 100),
(374, 'БонБон', '265-09-08', 100),
(375, 'Браво', '772-42-73', 300),
(376, 'Братья Чипполини', '22-33-983, 8-912-802-59-30', 200),
(377, 'Вареничная хата', '2-57-44-34', 300),
(378, 'Вербена', '257-76-41', 100),
(379, 'Веста Пицца', NULL, 100),
(380, 'Гоара', NULL, 400),
(381, 'Греко', '8-963-088-92-21, 8-951-116-71-', 200),
(382, 'Дастархан', '225-11-25', 400),
(383, 'ДекоЛь', NULL, 200),
(384, 'ДисКард', NULL, 500),
(385, 'Додо Пицца', '8-800-333-00-60', 400),
(387, 'Дружба', NULL, 300),
(388, 'За Утесом', '8-982-333-33-63', 200),
(389, 'Зазеркалье', '263-73-72, 233-23-20', 500),
(390, 'Заповедник', NULL, 400),
(391, 'Запой', NULL, 300),
(392, 'Запятая', '750-28-99', 100),
(393, 'Золотая Нива', '271-87-16, 8-908-583-59-60', 300),
(394, 'Золотое руно', '8 912-311-111-7, 8-951-479-99-', 500),
(395, 'Изба', '778-51-00', 400),
(396, 'Икорный бар', NULL, 400),
(397, 'Июнь', '721-07-60', 400),
(398, 'КаБаРе', NULL, 100),
(399, 'Карамболь', '278-71-20', 400),
(400, 'Кит', '252-68-34, 223-29-33', 500),
(401, 'Комплекс-Бар', NULL, 200),
(402, 'Корица', '8-909-074-77-55', 200),
(403, 'Купеческий двор', '223-73-11, 254-41-23', 200),
(404, 'Кухня.ru', '235-40-03; 8(908)085-40-03', 500),
(405, 'КХЛ', '215-91-91', 100),
(406, 'Либерти', '268-05-95, 8-908-055-77-17', 400),
(407, 'Лидия', '742-92-58; 8-963-465-98-96', 100),
(408, 'Мамонт', NULL, 500),
(409, 'Мега Чел', '266-70-01, 266-47-40', 500),
(410, 'Мегаполис', NULL, 400),
(411, 'Мерси', '8-909-087-95-32', 300),
(412, 'Место Встречи', '8-950-738-62-70, 8-951-261-16-', 200),
(413, 'Миракс', NULL, 500),
(414, 'Муш', NULL, 400),
(416, 'На Каслинской', '8-952-521-93-08, 8-951-776-34-', 400),
(417, 'Падишах', '791-99-22', 500),
(420, 'Пиццбург', '243-03-92, 740-63-42', 500),
(421, 'Пиццевиль', '792-96-63', 500),
(422, 'Пиццирина', '776-33-81, 8 908-04-08-442, 8 ', 100),
(423, 'Позитив', NULL, 400),
(424, 'Посиделки', '750-02-95', 200),
(425, 'ПринтЛайн', NULL, 500),
(426, 'Прокси-Сервис', NULL, 200),
(427, 'Радуга', '281-54-40', 200),
(428, 'Рапсодия', '230-92-48, 8-961-792-5238', 500),
(429, 'Резиденция', '725-90-79', 300),
(430, 'Светлана', '267-08-41', 300),
(431, 'Своя компания', '72-777-94; 225-26-97', 400),
(432, 'Сёгун', '23-903-77', 200),
(433, 'Сеймур', '8-906-894-70-54', 400),
(434, 'Сели Съели', '22-00-567', 400),
(435, 'Сенатор', NULL, 100),
(436, 'Славяночка', '253-04-56', 100),
(439, 'Слон', '263-96-73', 400),
(440, 'Созвездие', NULL, 500),
(441, 'Старая Италия', NULL, 200),
(442, 'Старый градъ', '225-46-73', 400),
(443, 'Тайм-аут', '263-83-90', 500),
(444, 'Тамада', NULL, 100),
(445, 'Тамле', '261-40-18, 8-908-57-85-577', 400),
(446, 'Танцор Диско', '239-93-44, 215-46-50', 400),
(447, 'Топка', '219-05-24', 300),
(448, 'Торговый Дизайн', NULL, 100),
(449, 'Три апельсина', '8-922-231-09-54; 8-922-239-33-', 400),
(450, 'Триумф', NULL, 500),
(451, 'Тутти-фрутти', '280-71-48', 200),
(452, 'Фанера', NULL, 400),
(453, 'Флирт', NULL, 400),
(454, 'ХиТ (Холод и Тепло)', NULL, 300),
(455, 'Хит пицца', NULL, 500),
(456, 'Цыплята табака', '266-14-85', 500),
(457, 'Челябторгтехника', NULL, 400),
(458, 'Чудо Печь', '263-85-44', 300);

-- --------------------------------------------------------

--
-- Table structure for table `cafe_types`
--

CREATE TABLE IF NOT EXISTS `cafe_types` (
  `id` smallint(6) NOT NULL AUTO_INCREMENT,
  `name` varchar(20) NOT NULL,
  PRIMARY KEY (`id`),
  UNIQUE KEY `name` (`name`)
) ENGINE=InnoDB  DEFAULT CHARSET=utf8 AUTO_INCREMENT=17 ;

--
-- Dumping data for table `cafe_types`
--

INSERT INTO `cafe_types` (`id`, `name`) VALUES
(10, 'банкетный зал'),
(3, 'бар'),
(12, 'бильярд'),
(16, 'боулинг'),
(7, 'доставка'),
(6, 'караоке'),
(2, 'кафе'),
(15, 'кондитерская'),
(9, 'кофейня'),
(11, 'ночной клуб'),
(8, 'паб'),
(14, 'пироги'),
(5, 'пиццерия'),
(13, 'развлекательный комп'),
(1, 'ресторан'),
(4, 'суши');

-- --------------------------------------------------------

--
-- Table structure for table `cuisines`
--

CREATE TABLE IF NOT EXISTS `cuisines` (
  `id` int(10) NOT NULL AUTO_INCREMENT,
  `cafe_id` int(10) NOT NULL,
  `cuisine_id` smallint(6) NOT NULL,
  PRIMARY KEY (`id`),
  UNIQUE KEY `cafe_id` (`cafe_id`,`cuisine_id`),
  KEY `cuisine_id` (`cuisine_id`)
) ENGINE=InnoDB DEFAULT CHARSET=utf8;

--
-- Dumping data for table `cuisines`
--

INSERT INTO `cuisines` (`cafe_id`, `cuisine_id`) VALUES
(18, 1),
(39, 1),
(52, 1),
(54, 1),
(66, 1),
(76, 1),
(86, 1),
(87, 1),
(114, 1),
(115, 1),
(116, 1),
(117, 1),
(118, 1),
(119, 1),
(120, 1),
(121, 1),
(122, 1),
(124, 1),
(125, 1),
(127, 1),
(128, 1),
(153, 1),
(154, 1),
(155, 1),
(156, 1),
(157, 1),
(160, 1),
(161, 1),
(162, 1),
(163, 1),
(164, 1),
(170, 1),
(171, 1),
(172, 1),
(173, 1),
(174, 1),
(175, 1),
(179, 1),
(182, 1),
(183, 1),
(184, 1),
(185, 1),
(186, 1),
(189, 1),
(191, 1),
(194, 1),
(195, 1),
(198, 1),
(201, 1),
(202, 1),
(203, 1),
(205, 1),
(209, 1),
(211, 1),
(213, 1),
(214, 1),
(215, 1),
(217, 1),
(219, 1),
(226, 1),
(227, 1),
(230, 1),
(231, 1),
(240, 1),
(241, 1),
(242, 1),
(243, 1),
(245, 1),
(248, 1),
(254, 1),
(256, 1),
(259, 1),
(260, 1),
(261, 1),
(266, 1),
(270, 1),
(271, 1),
(282, 1),
(283, 1),
(286, 1),
(290, 1),
(293, 1),
(294, 1),
(295, 1),
(300, 1),
(302, 1),
(303, 1),
(306, 1),
(309, 1),
(313, 1),
(320, 1),
(321, 1),
(323, 1),
(324, 1),
(326, 1),
(329, 1),
(331, 1),
(334, 1),
(336, 1),
(337, 1),
(340, 1),
(343, 1),
(344, 1),
(345, 1),
(348, 1),
(349, 1),
(353, 1),
(356, 1),
(359, 1),
(364, 1),
(367, 1),
(372, 1),
(375, 1),
(376, 1),
(377, 1),
(381, 1),
(388, 1),
(389, 1),
(392, 1),
(393, 1),
(395, 1),
(397, 1),
(402, 1),
(405, 1),
(406, 1),
(409, 1),
(412, 1),
(416, 1),
(420, 1),
(421, 1),
(424, 1),
(427, 1),
(428, 1),
(429, 1),
(433, 1),
(434, 1),
(446, 1),
(447, 1),
(449, 1),
(456, 1),
(458, 1),
(5, 2),
(87, 2),
(101, 2),
(115, 2),
(121, 2),
(163, 2),
(191, 2),
(194, 2),
(202, 2),
(214, 2),
(230, 2),
(242, 2),
(243, 2),
(245, 2),
(307, 2),
(348, 2),
(374, 2),
(436, 2),
(439, 2),
(451, 2),
(66, 3),
(82, 3),
(86, 3),
(94, 3),
(96, 3),
(100, 3),
(117, 3),
(122, 3),
(124, 3),
(160, 3),
(161, 3),
(163, 3),
(164, 3),
(169, 3),
(174, 3),
(183, 3),
(185, 3),
(194, 3),
(201, 3),
(202, 3),
(209, 3),
(214, 3),
(219, 3),
(224, 3),
(225, 3),
(227, 3),
(229, 3),
(231, 3),
(240, 3),
(241, 3),
(260, 3),
(271, 3),
(272, 3),
(273, 3),
(281, 3),
(282, 3),
(285, 3),
(286, 3),
(287, 3),
(302, 3),
(324, 3),
(330, 3),
(340, 3),
(344, 3),
(348, 3),
(353, 3),
(356, 3),
(359, 3),
(362, 3),
(367, 3),
(371, 3),
(372, 3),
(378, 3),
(381, 3),
(388, 3),
(389, 3),
(392, 3),
(395, 3),
(399, 3),
(400, 3),
(403, 3),
(404, 3),
(405, 3),
(406, 3),
(407, 3),
(416, 3),
(422, 3),
(424, 3),
(427, 3),
(428, 3),
(430, 3),
(431, 3),
(434, 3),
(436, 3),
(443, 3),
(447, 3),
(456, 3),
(458, 3),
(118, 4),
(330, 4),
(5, 5),
(12, 5),
(118, 5),
(119, 5),
(120, 5),
(125, 5),
(156, 5),
(161, 5),
(167, 5),
(169, 5),
(175, 5),
(182, 5),
(184, 5),
(187, 5),
(193, 5),
(194, 5),
(199, 5),
(200, 5),
(206, 5),
(216, 5),
(219, 5),
(226, 5),
(230, 5),
(240, 5),
(242, 5),
(243, 5),
(244, 5),
(279, 5),
(293, 5),
(302, 5),
(309, 5),
(320, 5),
(321, 5),
(322, 5),
(323, 5),
(330, 5),
(331, 5),
(334, 5),
(336, 5),
(349, 5),
(356, 5),
(360, 5),
(364, 5),
(388, 5),
(397, 5),
(402, 5),
(409, 5),
(431, 5),
(432, 5),
(5, 6),
(101, 6),
(119, 6),
(120, 6),
(126, 6),
(153, 6),
(169, 6),
(175, 6),
(183, 6),
(184, 6),
(186, 6),
(187, 6),
(189, 6),
(190, 6),
(198, 6),
(201, 6),
(204, 6),
(230, 6),
(240, 6),
(242, 6),
(243, 6),
(244, 6),
(258, 6),
(259, 6),
(267, 6),
(296, 6),
(330, 6),
(332, 6),
(336, 6),
(338, 6),
(346, 6),
(376, 6),
(420, 6),
(421, 6),
(428, 6),
(431, 6),
(432, 6),
(449, 6),
(451, 6),
(121, 7),
(183, 7),
(240, 7),
(267, 7),
(324, 7),
(374, 7),
(411, 7),
(126, 8),
(158, 8),
(127, 9),
(156, 9),
(168, 9),
(182, 9),
(183, 9),
(188, 9),
(192, 9),
(299, 9),
(385, 9),
(128, 10),
(161, 10),
(171, 10),
(211, 10),
(219, 10),
(271, 10),
(284, 10),
(424, 10),
(158, 21),
(100, 22),
(160, 22),
(201, 22),
(210, 22),
(256, 22),
(260, 22),
(273, 22),
(337, 22),
(394, 22),
(167, 31),
(12, 32),
(12, 33),
(12, 34),
(66, 34),
(187, 34),
(244, 34),
(304, 34),
(305, 34),
(12, 35),
(12, 36),
(12, 37),
(170, 38),
(180, 45),
(239, 45),
(442, 45),
(183, 46),
(184, 46),
(302, 46),
(364, 46),
(187, 47),
(244, 47),
(96, 48),
(187, 48),
(237, 48),
(244, 48),
(285, 48),
(302, 48),
(382, 48),
(416, 48),
(417, 48),
(191, 49),
(261, 49),
(18, 58),
(201, 59),
(218, 59),
(433, 59),
(39, 67),
(88, 67),
(297, 67),
(298, 67),
(212, 68),
(223, 76),
(87, 77),
(106, 77),
(226, 77),
(339, 77),
(361, 77),
(405, 77),
(226, 78),
(228, 79),
(66, 80),
(69, 81),
(96, 81),
(349, 81),
(377, 81),
(97, 82),
(232, 82),
(241, 89),
(281, 89),
(106, 90),
(246, 90),
(257, 101),
(284, 117),
(287, 118),
(288, 118),
(294, 118),
(310, 137),
(365, 165),
(371, 171),
(374, 171),
(373, 172),
(394, 189),
(409, 198),
(445, 220);

-- --------------------------------------------------------

--
-- Table structure for table `cuisine_types`
--

CREATE TABLE IF NOT EXISTS `cuisine_types` (
  `id` smallint(6) NOT NULL AUTO_INCREMENT,
  `name` varchar(40) NOT NULL,
  PRIMARY KEY (`id`),
  UNIQUE KEY `name` (`name`)
) ENGINE=InnoDB  DEFAULT CHARSET=utf8 AUTO_INCREMENT=231 ;

--
-- Dumping data for table `cuisine_types`
--

INSERT INTO `cuisine_types` (`id`, `name`) VALUES
(78, 'австрийская'),
(2, 'авторская'),
(118, 'азербайджанская'),
(49, 'азиатская'),
(9, 'американская'),
(38, 'английская'),
(22, 'армянская'),
(10, 'восточная'),
(198, 'восточная,'),
(58, 'вьетнамская'),
(137, 'греческая'),
(89, 'грузинская'),
(8, 'домашняя'),
(1, 'европейская'),
(79, 'европейская пивная кухня'),
(68, 'европейская,'),
(171, 'еропейская'),
(32, 'индийская'),
(35, 'индонезийская'),
(82, 'интернациональная'),
(6, 'итальянская'),
(59, 'кавказская'),
(34, 'китайская'),
(80, 'корейская'),
(101, 'кухня европейская'),
(36, 'малазийская'),
(46, 'мексиканская'),
(47, 'монгольская'),
(21, 'мясная'),
(77, 'немецкая'),
(37, 'непальская'),
(4, 'паназиатская'),
(172, 'пацанская'),
(117, 'персидская'),
(3, 'русская'),
(189, 'русская,европейская'),
(76, 'сербская'),
(90, 'советская'),
(67, 'средиземноморская'),
(33, 'тайская'),
(220, 'татарская'),
(165, 'турецкая'),
(48, 'узбекская'),
(31, 'уйгурская'),
(81, 'украинская'),
(7, 'французская'),
(45, 'чешская'),
(5, 'японская');

-- --------------------------------------------------------

--
-- Table structure for table `types`
--

CREATE TABLE IF NOT EXISTS `types` (
  `id` int(10) NOT NULL AUTO_INCREMENT,
  `cafe_id` int(10) NOT NULL,
  `type_id` smallint(6) NOT NULL,
  UNIQUE KEY `cafe_id` (`cafe_id`,`type_id`),
  PRIMARY KEY (`id`),
  KEY `type_id` (`type_id`)
) ENGINE=InnoDB DEFAULT CHARSET=utf8;

--
-- Dumping data for table `types`
--

INSERT INTO `types` (`cafe_id`, `type_id`) VALUES
(1, 1),
(2, 1),
(4, 1),
(6, 1),
(7, 1),
(9, 1),
(10, 1),
(11, 1),
(12, 1),
(14, 1),
(15, 1),
(18, 1),
(37, 1),
(40, 1),
(42, 1),
(44, 1),
(45, 1),
(46, 1),
(47, 1),
(48, 1),
(52, 1),
(57, 1),
(59, 1),
(61, 1),
(62, 1),
(63, 1),
(64, 1),
(66, 1),
(67, 1),
(68, 1),
(69, 1),
(70, 1),
(71, 1),
(72, 1),
(73, 1),
(74, 1),
(77, 1),
(81, 1),
(83, 1),
(84, 1),
(86, 1),
(87, 1),
(90, 1),
(91, 1),
(93, 1),
(94, 1),
(96, 1),
(97, 1),
(98, 1),
(100, 1),
(101, 1),
(102, 1),
(103, 1),
(105, 1),
(106, 1),
(107, 1),
(117, 1),
(118, 1),
(119, 1),
(120, 1),
(121, 1),
(127, 1),
(128, 1),
(153, 1),
(154, 1),
(155, 1),
(157, 1),
(158, 1),
(168, 1),
(172, 1),
(180, 1),
(184, 1),
(186, 1),
(190, 1),
(192, 1),
(194, 1),
(199, 1),
(200, 1),
(203, 1),
(206, 1),
(211, 1),
(214, 1),
(215, 1),
(216, 1),
(218, 1),
(223, 1),
(226, 1),
(227, 1),
(229, 1),
(237, 1),
(239, 1),
(240, 1),
(242, 1),
(243, 1),
(245, 1),
(248, 1),
(256, 1),
(260, 1),
(266, 1),
(267, 1),
(279, 1),
(284, 1),
(285, 1),
(288, 1),
(294, 1),
(295, 1),
(297, 1),
(298, 1),
(300, 1),
(302, 1),
(303, 1),
(305, 1),
(310, 1),
(316, 1),
(320, 1),
(325, 1),
(328, 1),
(330, 1),
(331, 1),
(339, 1),
(343, 1),
(344, 1),
(345, 1),
(346, 1),
(347, 1),
(352, 1),
(361, 1),
(364, 1),
(365, 1),
(382, 1),
(385, 1),
(390, 1),
(396, 1),
(397, 1),
(401, 1),
(403, 1),
(413, 1),
(424, 1),
(426, 1),
(431, 1),
(445, 1),
(446, 1),
(448, 1),
(456, 1),
(457, 1),
(16, 2),
(41, 2),
(49, 2),
(51, 2),
(53, 2),
(54, 2),
(60, 2),
(64, 2),
(79, 2),
(82, 2),
(85, 2),
(87, 2),
(89, 2),
(92, 2),
(99, 2),
(124, 2),
(125, 2),
(126, 2),
(154, 2),
(159, 2),
(160, 2),
(162, 2),
(167, 2),
(171, 2),
(173, 2),
(174, 2),
(175, 2),
(183, 2),
(187, 2),
(201, 2),
(202, 2),
(205, 2),
(210, 2),
(217, 2),
(219, 2),
(232, 2),
(241, 2),
(246, 2),
(257, 2),
(273, 2),
(281, 2),
(283, 2),
(287, 2),
(293, 2),
(296, 2),
(304, 2),
(311, 2),
(321, 2),
(324, 2),
(329, 2),
(335, 2),
(336, 2),
(337, 2),
(340, 2),
(355, 2),
(367, 2),
(368, 2),
(370, 2),
(375, 2),
(377, 2),
(378, 2),
(380, 2),
(381, 2),
(387, 2),
(388, 2),
(392, 2),
(393, 2),
(394, 2),
(395, 2),
(400, 2),
(406, 2),
(407, 2),
(414, 2),
(417, 2),
(422, 2),
(427, 2),
(428, 2),
(430, 2),
(433, 2),
(434, 2),
(436, 2),
(439, 2),
(443, 2),
(444, 2),
(450, 2),
(453, 2),
(458, 2),
(3, 3),
(5, 3),
(8, 3),
(12, 3),
(38, 3),
(39, 3),
(46, 3),
(54, 3),
(58, 3),
(65, 3),
(74, 3),
(75, 3),
(83, 3),
(84, 3),
(86, 3),
(88, 3),
(115, 3),
(119, 3),
(120, 3),
(123, 3),
(124, 3),
(152, 3),
(153, 3),
(154, 3),
(156, 3),
(163, 3),
(167, 3),
(169, 3),
(175, 3),
(181, 3),
(193, 3),
(196, 3),
(197, 3),
(219, 3),
(232, 3),
(243, 3),
(245, 3),
(261, 3),
(268, 3),
(269, 3),
(287, 3),
(289, 3),
(290, 3),
(295, 3),
(296, 3),
(301, 3),
(306, 3),
(307, 3),
(308, 3),
(309, 3),
(311, 3),
(317, 3),
(318, 3),
(319, 3),
(321, 3),
(322, 3),
(323, 3),
(326, 3),
(330, 3),
(334, 3),
(338, 3),
(349, 3),
(350, 3),
(360, 3),
(363, 3),
(364, 3),
(367, 3),
(372, 3),
(373, 3),
(378, 3),
(387, 3),
(391, 3),
(399, 3),
(401, 3),
(405, 3),
(406, 3),
(408, 3),
(409, 3),
(428, 3),
(432, 3),
(435, 3),
(439, 3),
(442, 3),
(443, 3),
(444, 3),
(447, 3),
(452, 3),
(38, 4),
(46, 4),
(84, 4),
(167, 4),
(169, 4),
(199, 4),
(244, 4),
(322, 4),
(360, 4),
(432, 4),
(17, 5),
(80, 5),
(104, 5),
(116, 5),
(179, 5),
(188, 5),
(189, 5),
(258, 5),
(259, 5),
(341, 5),
(376, 5),
(379, 5),
(385, 5),
(420, 5),
(421, 5),
(427, 5),
(449, 5),
(451, 5),
(455, 5),
(5, 6),
(115, 6),
(123, 6),
(156, 6),
(185, 6),
(204, 6),
(243, 6),
(269, 6),
(319, 6),
(347, 6),
(391, 6),
(452, 6),
(116, 7),
(119, 7),
(126, 7),
(128, 7),
(167, 7),
(199, 7),
(218, 7),
(244, 7),
(273, 7),
(353, 7),
(3, 8),
(8, 8),
(13, 8),
(50, 8),
(93, 8),
(170, 8),
(195, 8),
(228, 8),
(231, 8),
(254, 8),
(255, 8),
(286, 8),
(313, 8),
(356, 8),
(38, 9),
(43, 9),
(48, 9),
(76, 9),
(78, 9),
(100, 9),
(198, 9),
(248, 9),
(270, 9),
(299, 9),
(376, 9),
(402, 9),
(441, 9),
(65, 10),
(120, 10),
(122, 10),
(161, 10),
(164, 10),
(169, 10),
(191, 10),
(209, 10),
(213, 10),
(219, 10),
(230, 10),
(242, 10),
(248, 10),
(269, 10),
(272, 10),
(282, 10),
(362, 10),
(371, 10),
(410, 10),
(412, 10),
(416, 10),
(429, 10),
(152, 11),
(154, 11),
(181, 11),
(196, 11),
(197, 11),
(334, 11),
(409, 11),
(70, 12),
(84, 12),
(410, 12),
(107, 13),
(114, 13),
(271, 13),
(280, 13),
(398, 13),
(413, 13),
(426, 13),
(448, 13),
(454, 13),
(457, 13),
(126, 14),
(353, 14),
(324, 15),
(374, 15),
(383, 15),
(411, 15),
(58, 16),
(182, 16),
(410, 16);

--
-- Constraints for dumped tables
--

--
-- Constraints for table `addresses`
--
ALTER TABLE `addresses`
  ADD CONSTRAINT `addresses_ibfk_1` FOREIGN KEY (`cafe_id`) REFERENCES `cafes` (`id`);

--
-- Constraints for table `cuisines`
--
ALTER TABLE `cuisines`
  ADD CONSTRAINT `cuisines_ibfk_1` FOREIGN KEY (`cafe_id`) REFERENCES `cafes` (`id`),
  ADD CONSTRAINT `cuisines_ibfk_2` FOREIGN KEY (`cuisine_id`) REFERENCES `cuisine_types` (`id`);

--
-- Constraints for table `types`
--
ALTER TABLE `types`
  ADD CONSTRAINT `types_ibfk_1` FOREIGN KEY (`cafe_id`) REFERENCES `cafes` (`id`),
  ADD CONSTRAINT `types_ibfk_2` FOREIGN KEY (`type_id`) REFERENCES `cafe_types` (`id`);

/*!40101 SET CHARACTER_SET_CLIENT=@OLD_CHARACTER_SET_CLIENT */;
/*!40101 SET CHARACTER_SET_RESULTS=@OLD_CHARACTER_SET_RESULTS */;
/*!40101 SET COLLATION_CONNECTION=@OLD_COLLATION_CONNECTION */;