-- phpMyAdmin SQL Dump
-- version 4.0.6deb1
-- http://www.phpmyadmin.net
--
-- Host: localhost
-- Generation Time: Apr 17, 2014 at 01:22 AM
-- Server version: 5.5.35-0ubuntu0.13.10.2
-- PHP Version: 5.5.3-1ubuntu2.3

SET SQL_MODE = "NO_AUTO_VALUE_ON_ZERO";
SET time_zone = "+00:00";


/*!40101 SET @OLD_CHARACTER_SET_CLIENT=@@CHARACTER_SET_CLIENT */;
/*!40101 SET @OLD_CHARACTER_SET_RESULTS=@@CHARACTER_SET_RESULTS */;
/*!40101 SET @OLD_COLLATION_CONNECTION=@@COLLATION_CONNECTION */;
/*!40101 SET NAMES utf8 */;

--
-- Database: `gis`
--

-- --------------------------------------------------------

--
-- Table structure for table `addresses`
--

CREATE TABLE IF NOT EXISTS `addresses` (
  `id` int(10) NOT NULL AUTO_INCREMENT,
  `cafe_id` int(10) NOT NULL,
  `street` varchar(50) DEFAULT NULL,
  `building` varchar(10) DEFAULT NULL,
  `longitude` decimal(18,16) DEFAULT NULL,
  `latitude` decimal(18,16) DEFAULT NULL,
  PRIMARY KEY (`id`),
  UNIQUE KEY `cafe_id` (`cafe_id`,`street`,`building`)
) ENGINE=InnoDB  DEFAULT CHARSET=utf8 COLLATE=utf8_unicode_ci AUTO_INCREMENT=459 ;

--
-- Dumping data for table `addresses`
--

INSERT INTO `addresses` (`cafe_id`, `street`, `building`, `latitude`, `longitude`) VALUES
(1, 'Каслинская ул.', 99, 55.1768419802915100, 61.3964959802915000),
(2, 'ул. Коммуны', 87, 55.1633229802915000, 61.3990799802915100),
(3, 'пр. Металлургов', 4, 55.2526009802915000, 61.4030809802915100),
(4, 'пр. Ленина', 35, 55.1612939802915000, 61.4163229802915000),
(5, 'Гражданская ул.', 14, 55.1380289802915000, 61.4235959802915100),
(6, 'ул. Сони Кривой', 49, 55.1589139802915000, 61.3868729802915000),
(7, 'ул. Лесопарковая', 15, 55.1518439802915000, 61.3672149802915100),
(8, 'пр. Кирова', 177, 55.1623849802915000, 61.4025969802915000),
(9, 'ул. Цвиллинга', 81, 55.1467629802914900, 61.4153039802915000),
(10, 'пр. Ленина', 21, 55.1616669802914900, 61.4263279802915100),
(11, 'Свердловский пр.', 70, 55.1619139802914900, 61.3893409802915000),
(12, 'ул. Энгельса', 65, 55.1619459802915000, 61.3838329802915000),
(13, 'ул. Свободы', 88, 55.1552319802915000, 61.4150149802915100),
(14, 'пр. Ленина', 35, 55.1612939802915000, 61.4163229802915000),
(15, 'ул.Елькина', 45, 55.1629629802915000, 61.4001009802915000),
(16, 'ул.Кирова', 94, 55.1657689802915000, 61.4011309802915100),
(17, 'ул. Свободы', 88, 55.1552319802915000, 61.4150149802915100),
(18, 'ул. Двинская', 8, 55.1831639802915100, 61.3532759802915100),
(37, 'ул.Молодогвардейцев', 34, 55.1952129802915000, 61.3333549802915000),
(38, 'ул. Кирова', 163, 55.1638579802915000, 61.4025619802915000),
(39, 'ул. Чапаева', 114, 55.0769649802914900, 61.4052689802915100),
(40, 'ул.Молодогвардейцев', 34, 55.1952129802915000, 61.3333549802915000),
(41, 'пр. Ленина', 35, 55.1612939802915000, 61.4163229802915000),
(42, 'ул. Лесопарковая', 6, 55.1515729802914900, 61.3654749802915100),
(43, 'г. Челябинск, ул. Кирова', 82, 55.1686099802915100, 61.4013199802915000),
(44, 'ул. Братьев Кашириных', 102, 55.1803669802915000, 61.3184499802915000),
(45, 'ул. Цвиллинга', 25, 55.1662109802915000, 61.4058319802915100),
(46, 'ул.Сони Кривой', 69, 55.1585179802915000, 61.3781319802915100),
(46, 'ул.Цвиллинга', 44, 55.1585049802915000, 61.4076399802915100),
(46, 'ул.Ленина', 57, 55.1565801802915000, 61.2972646802915000),
(47, 'ул. Кирова', 161, 55.1653369802915000, 61.4029279802915000),
(48, 'Советская ул.', 38, 55.1625139802915000, 61.4075709802915000),
(49, 'Красная ул.', 69, 55.1604269802915000, 61.3954439802915100),
(50, 'Площадь МОПРа', 10, 55.1649939802914900, 61.4189589802915100),
(51, 'Ленина пр.', 24, 55.1627749802915000, 61.4378729802915100),
(52, 'пр. Ленина', 41, 55.1615479802915000, 61.4150319802915100),
(53, 'пл.Мопра', 10, 55.1649939802914900, 61.4189589802915100),
(54, 'г. Челябинск, ул. Орджоникидзе', 58, 55.1529016302915000, 61.4052105302914900),
(57, 'ул. Волочаевская', 59, 55.1877679802915000, 61.4625019802915100),
(58, 'пр. Ленина', 66, 55.1618359802914900, 61.3797309802915100),
(59, 'пр. Ленина', 66, 55.1618359802914900, 61.3797309802915100),
(60, 'пр. Свердловский', 51, 55.1703789802915000, 61.3914089802915000),
(61, 'шоссе Металлургов', 3, 55.2508009802915000, 61.4034199802915100),
(62, 'ул. Молодогвардейцев', 17, 55.2014219802915000, 61.3321999802915000),
(63, 'ул. Малогвардейцев', 31, 55.1895679802914900, 61.3348559802915100),
(64, 'ул. Каслинская', 21, 55.1884979802915000, 61.3955469802915000),
(65, 'г. Челябинск, ул. Кирова', 161, 55.1653369802915000, 61.4029279802915000),
(66, 'ул. Братьев Кашириных', 13, 55.1749070302915000, 61.4030623802915000),
(67, 'пр. Кирова', 159, 55.1658749802914900, 61.4026989802915100),
(68, 'Энгельса ул.', 107, 55.1490659802915100, 61.3825049802915100),
(69, 'ул. Кирова', 163, 55.1638579802915000, 61.4025619802915000),
(70, 'г. Челябинск, ул. Сталеваров', 32, 55.2619999802914900, 61.4037699802915100),
(71, 'пр.Комсомольский', 16, 55.1935729802915000, 61.3707469802915000),
(72, 'ул.Энтузиастов', 4, 55.1619119802915000, 61.3763759802915000),
(73, 'ул.Красноармейская', 72, 55.1713489802915000, 61.4140279802915000),
(74, 'ул. Сони Кривой', 83, 55.1582999802915000, 61.3697919802915000),
(75, 'г. Челябинск', 20, 55.1806079802914900, 61.3016639802915100),
(76, 'ул. Елькина', 45, 55.1629629802915000, 61.4001009802915000),
(77, 'ул. Труда', 153, 55.1686569802915000, 61.3973309802915100),
(78, 'г. Челябинск, ул. Кирова', 86, 55.1677379802914900, 61.4014849802915100),
(79, 'г. Челябинск', 46, 55.1190634802914900, 61.4354808802915100),
(80, 'пр. Ленина', 77, 55.1606269802915000, 61.3778339802915000),
(81, 'ул. Бажова', 91, 55.1828039802915000, 61.4544959802915000),
(81, 'просп. Победы', 348, 55.1912209802914900, 61.3205199802915000),
(82, 'ул. Салютная', 23, 55.1707459802915000, 61.4495939802915100),
(83, 'Комсомольский пр.', 45, 55.1951199802915100, 61.3376409802915000),
(84, 'ул. Карла Маркса', 131, 55.1662629802914900, 61.3955779802915100),
(85, 'пр. Кирова', 102, 55.1649969802914900, 61.4017369802915100),
(86, 'Победы пр.', 312, 55.1913519802915100, 61.3426299802915000),
(87, 'ул. Кирова', 94, 55.1657689802915000, 61.4011309802915100),
(88, 'г. Челябинск, ул. Кирова', 167, 55.1629999802915000, 61.4027929802915000),
(89, 'Комсомольский просп.', 74, 55.1969140000000000, 61.3904519000000000),
(90, 'ул. Богдана Хмельницкого', 10, 55.2600969802914900, 61.3973589802915000),
(91, 'ул.Чайковского', 7, 55.1947979802915000, 61.3654249802915000),
(92, 'г. Челябинск', 47, 55.2661359802915000, 61.4044088802915100),
(93, 'ул.Тимирязева', 24, 55.1600929802915000, 61.4150479802915000),
(94, 'Комсомольский пр.', 111, 55.1882209802915000, 61.2891129802915000),
(96, 'ул. Свободы', 88, 55.1552319802915000, 61.4150149802915100),
(97, 'Кирова ул.', 27, 55.1728229802915000, 61.4032029802915000),
(97, 'Победы пр.', 177, 55.1849309802914900, 61.3907009802915000),
(97, 'Свободы ул.', 153, 55.1561549802915000, 61.4163849802915000),
(97, 'Металлургов ш.', 70, 55.2485889802915000, 61.3803509802915000),
(97, 'Академика Королева ул.', 3, 55.1639709802915100, 61.3013309802915000),
(97, 'Сони Кривой ул.', 33, 55.1590729802914900, 61.3939009802915100),
(97, 'Молодогвардейцев ул.', 60, 55.1861999802915100, 61.3334399802915100),
(98, 'Комсомольский просп.', 48, 55.1963279802914900, 61.3358769802915100),
(99, 'пр. Кирова', 161, 55.1653369802915000, 61.4029279802915000),
(100, 'ул.Энгельса', 42, 55.1560719802914900, 61.3820929802915100),
(101, 'ул. Тимирязева', 28, 55.1596149802915000, 61.4090789802915000),
(102, 'пр.Ленина', 59, 55.1611699802915000, 61.3980349802915100),
(103, 'ул.Комуны, д.100 (Гагарина', 100, 55.1639622802915000, 61.3945902802915000),
(104, 'ул. Горького', 3, 55.1637759802915000, 61.4422929802915000),
(105, 'г. Челябинск, ул. 50 лет ВЛКСМ', 50, 55.0405509802915000, 58.9814519802915000),
(106, 'ул. Цвиллинга', 25, 55.1662109802915000, 61.4058319802915100),
(107, 'просп. Ленина', 66, 55.1618359802914900, 61.3797309802915100),
(114, 'Гагарина', 55, 55.1187699802915000, 61.4374149802915100),
(115, 'Труда', 30, 55.1699349802914900, 61.4231019802915000),
(116, 'Салавата Юлаева', 20, 55.1908639802915000, 61.2778279802915100),
(117, 'Энгельса', 44, 55.1555369802915000, 61.3825549802915000),
(118, 'Молдавская', 16, 55.1919139802915100, 61.3046969802915000),
(119, 'Братьев Кашириных', 12, 55.1752099802915000, 61.4030349802915000),
(120, 'пр. Ленина', 64, 55.1619829802915000, 61.3852749802915100),
(121, 'Кирова', 159, 55.1658749802914900, 61.4026989802915100),
(122, 'Пр. Ленина', 68, 55.1617829802915000, 61.3782269802915000),
(123, 'Кирова', 84, 55.1683839802914900, 61.4013499802915100),
(124, 'Свободы', 155, 55.1544479802915000, 61.4168139802915100),
(125, 'Крупской', 46, 55.1491629802915000, 61.3880259802915100),
(126, 'Тимирязева', 24, 55.1600929802915000, 61.4150479802915000),
(127, 'Труда', 183, 55.1684899802915000, 61.3748979802915100),
(128, 'Свободы', 66, 55.1622789802915100, 61.4123909802915000),
(5, 'Гражданская', 14, 55.1380289802915000, 61.4235959802915100),
(152, 'Кирова', 161, 55.1653369802915000, 61.4029279802915000),
(153, 'Энтузиастов', 4, 55.1619119802915000, 61.3763759802915000),
(154, 'Кирова', 161, 55.1653369802915000, 61.4029279802915000),
(155, 'Университетская набережная', 76, 55.1680669802915000, 61.3028959802915100),
(156, 'Труда', 183, 55.1684899802915000, 61.3748979802915100),
(157, 'Свердловский пр.', 88, 55.1546902302915000, 61.3908330802914900),
(158, 'Бр. Кашириных', 163, 55.3186459999999900, 61.5909059999999900),
(159, 'Молодогвардейцев', 60, 55.1861999802915100, 61.3334399802915100),
(160, 'Плеханова', 45, 55.1561139802914900, 61.4101709802915100),
(161, 'Хуторная', 70, 55.1109539802915000, 61.4243048000000000),
(162, 'Кирова', 161, 55.1653369802915000, 61.4029279802915000),
(163, 'Академика Сахарова', 11, 55.1603169802914900, 61.2994709802915000),
(164, 'Новороссиийская', 83, 55.1150459802914900, 61.4540919802915100),
(167, 'Академика Королева', 1, 55.1638849802915100, 61.3029699802915100),
(167, 'Тимирязева', 41, 55.1586189802915000, 61.4011059802915000),
(168, 'пр.Ленина', 64, 55.1619829802915000, 61.3852749802915100),
(169, 'Цвиллинга', 38, 55.1605699802915000, 61.4066859802915000),
(12, 'Энгельса', 65, 55.1619459802915000, 61.3838329802915000),
(170, 'Свободы', 88, 55.1552319802915000, 61.4150149802915100),
(171, 'Елькина', 65, 55.1546839802914900, 61.4001359802915000),
(172, 'Бажова', 91, 55.1828039802915000, 61.4544959802915000),
(173, 'Ленина пр.', 77, 55.1606269802915000, 61.3778339802915000),
(174, 'ул. 3 Интернационала', 105, 55.1687399802915100, 61.4227479802915000),
(175, 'Кирова', 143, 55.1670529802915000, 61.4024649802915000),
(179, 'Коммуны', 100, 55.1634889302915100, 61.3784299302915200),
(180, 'Коммуны', 60, 55.1643229802915000, 61.4002149802915100),
(181, 'Свердловский пр.', 51, 55.1703789802915000, 61.3914089802915000),
(182, 'Труда', 183, 55.1684899802915000, 61.3748979802915100),
(183, 'Кирова', 90, 55.1667849802915100, 61.4015439802915000),
(184, 'ул. Красная', 71, 55.1598489802914900, 61.3954599802915000),
(185, 'Энтузиастов', 15, 55.1551559802915000, 61.3783659802915100),
(186, 'Пр.Ленина', 61, 55.1611099802914900, 61.3962509802915000),
(187, 'Академика Сахарова', 11, 55.1603169802914900, 61.2994709802915000),
(188, 'Пр.Ленина', 50, 55.1621909802914900, 61.4091029802915000),
(189, 'Молдавская', 16, 55.1919139802915100, 61.3046969802915000),
(190, 'Труда', 153, 55.1686569802915000, 61.3973309802915100),
(191, 'Кирова', 159, 55.1658749802914900, 61.4026989802915100),
(192, 'Кирова', 161, 55.1653369802915000, 61.4029279802915000),
(193, 'Комсомольский проспект', 24, 55.1950649802914900, 61.3593659802915000),
(194, 'С.Кривой', 83, 55.1582999802915000, 61.3697919802915000),
(195, 'Аношкина', 4, 55.3186459999999900, 61.5909059999999900),
(196, 'Советская', 36, 55.1635569802915000, 61.4075289802915000),
(197, 'Труда', 105, 55.1689969802915100, 61.4009459802915100),
(198, 'Свердловский пр.', 51, 55.1703789802915000, 61.3914089802915000),
(18, 'Двинская', 8, 55.1831639802915100, 61.3532759802915100),
(199, 'Бр.Кашириных', 156, 55.3186459999999900, 61.5909059999999900),
(200, 'пр. Ленина', 64, 55.1619829802915000, 61.3852749802915100),
(200, '40 лет Победы', 35, 54.9634140000000100, 60.4111720000000000),
(201, 'Труда', 183, 55.1684899802915000, 61.3748979802915100),
(202, 'Чайковского', 58, 55.1809699802915000, 61.3528889802915000),
(203, 'Ленина пр.', 75, 55.1605559802915000, 61.3797429802915000),
(204, 'Молодогвардейцев', 34, 55.1952129802915000, 61.3333549802915000),
(205, 'Каслинская', 99, 55.1768419802915100, 61.3964959802915000),
(206, 'Братьев Каширина', 158, 55.1655829802915000, 61.2952979802915000),
(209, 'Ленина', 51, 55.1614329802915000, 61.4079799802915000),
(39, 'Чапаева', 114, 55.1182972802914900, 61.4488058302915000),
(210, 'Елькина', 45, 55.1629629802915000, 61.4001009802915000),
(211, 'Российская', 67, 55.1727069802914900, 61.4174029802915000),
(212, 'Троицкий тракт', 54, 55.1071519802915000, 61.3894199802915000),
(213, 'Ленина', 35, 55.1612939802915000, 61.4163229802915000),
(214, 'Дзержинского', 93, 55.1325189802915100, 61.4356919802915100),
(215, 'Чапаева', 114, 55.1182972802914900, 61.4488058302915000),
(216, 'Энтузиастов', 26, 55.1526539802915000, 61.3773309802915000),
(217, 'Кирова', 139, 55.1674779802914900, 61.4022359802915000),
(218, 'Гагарина', 6, 55.1448699802915000, 61.4444139802915100),
(219, 'Воровского', 6, 55.1587379802915000, 61.3965659802915000),
(220, 'Героев Танкограда', 33, 55.1823219802915000, 61.4482649802915000),
(223, 'Цвиллинга', 20, 55.1651259302915000, 61.4052153802915200),
(54, 'Горсад им. А.С.Пушкина', 58, 55.3186459999999900, 61.5909059999999900),
(224, 'Свободы', 139, 55.1613439802915000, 61.4134459802915000),
(225, 'кафе находится на оз.Б.Кременкуль', 9, 55.3186459999999900, 61.5909059999999900),
(226, 'Молдавская', 16, 55.1919139802915100, 61.3046969802915000),
(227, 'Орджоникидзе', 58, 55.1529016302915000, 61.4052105302914900),
(228, 'Ленина', 35, 55.1612939802915000, 61.4163229802915000),
(229, 'Академика Королева', 10, 55.1654639802915000, 61.3012769802915000),
(230, 'пр. Ленина', 26, 55.1629219802914900, 61.4360569802915000),
(231, 'Кирова', 80, 55.1687429802915000, 61.4007519802915100),
(66, 'Братьев Кашириных', 134, 55.1730379802915000, 61.2996759802915100),
(69, 'Комсомольский пр-т', 32, 55.1963529802915000, 61.3483539802915100),
(69, 'Кирова', 163, 55.1638579802915000, 61.4025619802915000),
(232, 'Салавата Юлаева', 28, 55.1733992302915000, 61.2948979302915000),
(238, 'Молдавская', 16, 55.1919139802915100, 61.3046969802915000),
(239, 'ул Энтузиастов', 12, 55.1581639802914900, 61.3767509802915000),
(76, 'Елькина', 45, 55.1629629802915000, 61.4001009802915000),
(240, 'Труда', 156, 55.1688108802915000, 61.3935189302915100),
(241, 'Сони Кривой', 83, 55.1582999802915000, 61.3697919802915000),
(242, 'Каслинская', 27, 55.1832509802915000, 61.3961589802915000),
(243, 'пр. Ленина', 26, 55.1629219802914900, 61.4360569802915000),
(244, 'пр. Ленина', 26, 55.1629219802914900, 61.4360569802915000),
(244, 'пр.Ленина', 26, 55.1629219802914900, 61.4360569802915000),
(245, 'Академика Сахарова', 11, 55.1603169802914900, 61.2994709802915000),
(246, 'Кирова', 82, 55.1686099802915100, 61.4013199802915000),
(82, 'Салютная', 23, 55.1707459802915000, 61.4495939802915100),
(82, 'пр. Комарова', 114, 55.1753789802915000, 61.4560169802915100),
(247, 'Богдана Хмельницкого', 4, 55.2601779802914900, 61.4035129802915100),
(248, 'Молдавская', 16, 55.1919139802915100, 61.3046969802915000),
(249, 'Салавата Юлаева', 17, 55.1779069802915000, 61.2907239802915100),
(86, 'пр. Победы', 312, 55.1913519802915100, 61.3426299802915000),
(254, 'Труда', 105, 55.1689969802915100, 61.4009459802915100),
(255, 'Труда', 105, 55.1689969802915100, 61.4009459802915100),
(256, 'Чайковского', 7, 55.1947979802915000, 61.3654249802915000),
(257, 'Б.Хмельницкого', 10, 55.1281054302914900, 61.6101194802915000),
(94, 'Комсомольский пр. 111', 2, 55.1946369802914900, 61.3860499802915000),
(258, 'пр. Ленина', 64, 55.1619829802915000, 61.3852749802915100),
(259, 'Каслинская', 64, 55.1745589802915000, 61.3938999802915000),
(259, 'Академика Королева', 23, 55.1627899802914900, 61.2980989802915100),
(260, 'Героев Танкограда', 75, 55.1716739802914900, 61.4554159802915000),
(266, 'Кирова', 82, 55.1686099802915100, 61.4013199802915000),
(267, 'пр. Ленина', 28, 55.1628389802915000, 61.4262259802915000),
(96, 'Свободы', 88, 55.1552319802915000, 61.4150149802915100),
(268, 'Елькина', 43, 55.1636259802915100, 61.4001379802915100),
(269, 'Плеханова', 45, 55.1561139802914900, 61.4101709802915100),
(97, 'Свободы 153а', 70, 55.1612709802914900, 61.4124659802915100),
(270, 'Цвиллинга', 25, 55.1662109802915000, 61.4058319802915100),
(271, 'Молдавская', 16, 55.1919139802915100, 61.3046969802915000),
(101, 'Тимирязева', 28, 55.1596149802915000, 61.4090789802915000),
(272, 'пр.Ленина', 20, 55.1625739802914900, 61.4414849802915100),
(273, 'Горького', 38, 55.1799459802914900, 61.4401249802915100),
(274, 'Ленина', 71, 55.1607989802915000, 61.3859079802915100),
(274, 'Молодогвардейцев', 68, 55.1818519802914900, 61.3334079802915000),
(279, 'Академика Сахарова', 11, 55.1603169802914900, 61.2994709802915000),
(106, 'Цвиллинга', 25, 55.1662109802915000, 61.4058319802915100),
(280, 'Комсомольский проспект 10', 6, 55.1939669802915000, 61.3761299802915000),
(281, 'Горького', 36, 55.1785889802915000, 61.4398449802915100),
(282, '250 лет Челябинска', 38, 54.9877427802915100, 61.4724159302915000),
(283, 'Комаровского', 9, 55.2420679802914900, 61.3761639802915100),
(284, 'Бейвеля', 14, 55.1955629302915000, 61.2815484802915000),
(285, 'Кирова', 139, 55.1674779802914900, 61.4022359802915000),
(286, 'Каслинская', 101, 55.1760049802914900, 61.3978269802915000),
(287, '60 лет Октября', 11, 54.9876798802915000, 61.4789955302915100),
(288, 'Бейвеля', 6, 55.1941969802914900, 61.2822519802915100),
(289, '60 лет Октября', 26, 55.0147219802915000, 60.1045239802915000),
(290, 'Гагарина', 31, 55.1334219802914900, 61.4385929802915000),
(294, 'Цвиллинга', 34, 55.1630279802915000, 61.4047499802915100),
(295, 'Энгельса', 107, 55.1490659802915100, 61.3825049802915100),
(296, 'Красная', 48, 55.1575229802915000, 61.3948759802915100),
(297, 'Энтузиастов', 11, 55.1575269802915000, 61.3777529802915000),
(298, 'Энтузиастов', 36, 55.1485989802915000, 61.3777189802915000),
(299, 'Лесопарковая', 7, 55.1515971802915000, 61.3665890302915100),
(300, 'пр. Ленина', 54, 55.1621809802915000, 61.4038089802915100),
(301, 'Блюхера', 56, 55.1323018802915000, 61.3692466802915100),
(302, 'Кирова', 94, 55.1657689802915000, 61.4011309802915100),
(303, 'Энтузиастов', 11, 55.1575269802915000, 61.3777529802915000),
(304, '40 лет Победы', 5, 54.9601759802915000, 60.4096479802915000),
(305, 'Сони Кривой', 73, 55.1585519802914900, 61.3756769802915100),
(306, 'Пр.Ленина', 63, 55.1610769802915000, 61.3941379802915000),
(307, 'Свободы', 30, 55.1675759802915000, 61.4117159802915000),
(308, 'Сони Кривой', 69, 55.1585179802915000, 61.3781319802915100),
(309, 'Цвиллинга', 25, 55.1662109802915000, 61.4058319802915100),
(310, 'Цвиллинга', 44, 55.1585049802915000, 61.4076399802915100),
(311, 'Академика Королева', 3, 55.1639709802915100, 61.3013309802915000),
(312, 'Бейвеля', 6, 55.1941969802914900, 61.2822519802915100),
(313, 'Жукова', 1, 55.2611459802915100, 61.3930929802915100),
(314, 'Свердловский тракт', 7, 55.1994429802914900, 61.3881769802915000),
(315, 'Кирова', 117, 55.1691817302915000, 61.4015757802915200),
(316, 'Комсомольский пр.', 112, 55.1900279802915000, 61.2900839802915100),
(317, 'Энтузиастов', 11, 55.1575269802915000, 61.3777529802915000),
(318, 'Каслинская', 40, 55.1865579802915000, 61.3950099802915000),
(319, 'пр. Ленина', 51, 55.1614329802915000, 61.4079799802915000),
(320, 'Академика Королева', 3, 55.1639709802915100, 61.3013309802915000),
(321, 'пр. Ленина', 66, 55.1618359802914900, 61.3797309802915100),
(322, 'Ленина', 63, 55.1610769802915000, 61.3941379802915000),
(323, 'Героев Танкограда', 118, 55.1707669802915000, 61.4531839802915100),
(169, 'Барбюса', 2, 55.1492709802914900, 61.4382749802915100),
(324, 'Молодогвардейцев', 48, 55.1916549802915100, 61.3333779802915000),
(325, 'Воровского', 6, 55.1587379802915000, 61.3965659802915000),
(326, 'Лесопарковая', 15, 55.1518439802915000, 61.3672149802915100),
(327, 'Бр. Кашириных', 85, 55.3186459999999900, 61.5909059999999900),
(328, 'пр.Ленина', 35, 55.1612939802915000, 61.4163229802915000),
(329, 'Свободы', 153, 55.1561549802915000, 61.4163849802915000),
(330, 'Труда ул', 183, 55.1684899802915000, 61.3748979802915100),
(331, 'Жукова', 5, 55.2601509802915100, 61.3928219802915000),
(332, 'Труда', 91, 55.1692109802915100, 61.4078589802915100),
(333, 'Косарева', 56, 55.1801149802914900, 61.3732559802915000),
(335, 'Энтузиастов', 11, 55.1575269802915000, 61.3777529802915000),
(336, 'Труда', 153, 55.1686569802915000, 61.3973309802915100),
(337, 'Пушкина', 48, 55.1634269802915000, 61.4098449802915100),
(338, 'Кирова', 104, 55.1646169802914900, 61.4016729802915000),
(339, 'пр. Победы', 293, 55.1897289802915000, 61.3261949802915000),
(340, 'Артиллерийская', 136, 55.1654909802915000, 61.4323749802915000),
(341, 'Труда', 179, 55.1688763302915000, 61.3830417302915100),
(342, 'Воровского', 61, 55.1465459802914900, 61.3827369802915000),
(343, 'Кирова', 108, 55.1638529802915000, 61.4011289802915100),
(344, 'Каслинская', 5, 55.1938489802914900, 61.3945759802915000),
(345, 'Доватора', 11, 55.1392960302915000, 61.4042511802915000),
(346, 'Карла Маркса', 131, 55.1662629802914900, 61.3955779802915100),
(347, 'Салютная', 10, 55.1740399802915000, 61.4542449802915000),
(348, 'Свердловский пр.', 59, 55.1660369802914900, 61.3923239802915000),
(349, 'ул.Чапаева', 114, 55.0769649802914900, 61.4052689802915100),
(350, 'Троицкий тракт', 53, 55.1071260802915100, 61.3886547802915000),
(351, 'Цвиллинга', 5, 55.1685279802915000, 61.4053209802915000),
(352, 'Хлебозаводская', 7, 55.2426509802915000, 61.4202069802915000),
(353, 'Сони Кривой', 83, 55.1582999802915000, 61.3697919802915000),
(354, 'Ленина', 71, 55.1607989802915000, 61.3859079802915100),
(356, 'Богдана Хмельницкого', 17, 55.2588779802914900, 61.3935089802915100),
(357, 'К.Маркса', 56, 55.1667656302915000, 61.4088404302915100),
(358, 'Плеханова', 45, 55.1561139802914900, 61.4101709802915100),
(359, 'Хлебозаводская', 15, 55.2477835302915100, 61.4104373802915000),
(360, 'Молодогвардейцев', 34, 55.1952129802915000, 61.3333549802915000),
(361, 'Комарова', 137, 55.1751799802915000, 61.4579329802915000),
(362, 'Воровского', 36, 55.1506019802915000, 61.3860589802915000),
(363, 'Копейское шоссе', 24, 55.1246539802915000, 61.5047239802915100),
(364, 'Российская', 34, 55.1841049802914900, 61.4152699802915000),
(365, 'Энтузиастов', 11, 55.1575269802915000, 61.3777529802915000),
(366, 'Труда', 105, 55.1689969802915100, 61.4009459802915100),
(368, 'Хмельницкого', 26, 55.2598679802915000, 61.3818009802915100),
(369, 'Яблочкино', 3, 55.3186459999999900, 61.5909059999999900),
(370, 'Кожзаводская', 4, 55.1934005802915000, 61.3953092302915100),
(371, 'Салютная', 9, 55.1730239802915100, 61.4539459802915000),
(372, 'Тополиная', 28, 53.4117708302915000, 58.9227524802914900),
(373, 'Кирова', 7, 55.1814139802915000, 61.4015049802915000),
(374, 'Энтузиастов', 11, 55.1575269802915000, 61.3777529802915000),
(375, 'Цвиллинга', 31, 55.1630509802914900, 61.4060519802915000),
(376, 'Мамина', 27, 55.1746889802915000, 61.4838019802915000),
(377, 'ул. Чичерина', 35, 55.1773479802914900, 61.3037279802915000),
(378, 'Гагарина', 37, 55.1308508302915000, 61.4363402802915100),
(379, 'Кронштадская', 15, 55.1276049802914900, 61.4715599802915100),
(380, 'Свердловский пр.', 31, 55.1829139802915000, 61.3892139802915100),
(381, 'Игуменка', 155, 55.1494900000000000, 61.4291782000000000),
(382, 'Российская', 30, 55.1870859802915000, 61.4148719802915000),
(383, 'Энтузиастов', 11, 55.1575269802915000, 61.3777529802915000),
(384, 'Воровского 73', 7, 55.1430009802915100, 61.3778059802915100),
(385, 'Сормовская', 32, 55.1941469802915000, 61.4464312000000000),
(386, 'Воровского', 60, 55.1435109802915000, 61.3772909802915000),
(388, 'Воровского', 6, 55.1587379802915000, 61.3965659802915000),
(389, 'Черкасская', 6, 55.2409959802914900, 61.3802499802915100),
(390, 'Карла Либкнехта', 2, 55.0943739802914900, 61.6011219802915100),
(391, 'Академика Королева', 15, 55.1639569802914900, 61.2989029802915100),
(392, 'Энтузиастов', 11, 55.1575269802915000, 61.3777529802915000),
(393, 'Цвиллинга', 15, 55.1671349802915100, 61.4054349802915000),
(394, 'площадь Мопра', 7, 55.1638449802915000, 61.4197139802915000),
(395, 'Новороссийская', 97, 55.1172399802915000, 61.4461919802915000),
(396, 'Троицкий тракт', 53, 55.1071260802915100, 61.3886547802915000),
(397, 'Энгельса', 107, 55.1490659802915100, 61.3825049802915100),
(398, 'Хмельницкого', 14, 55.1285016302915000, 61.6101653802915100),
(399, '40 лет Победы', 31, 54.9634140000000100, 60.4111720000000000),
(400, 'Орджоникидзе', 58, 55.1529016302915000, 61.4052105302914900),
(401, 'Копейское шоссе', 1, 55.1219899802915100, 61.5126919802915000),
(402, 'Калинина', 17, 55.1803799802914900, 61.3946809802915000),
(403, 'Комсомольский пр.', 83, 55.1953119802915000, 61.3138279802915000),
(404, 'Масленникова', 6, 55.1193949802915000, 61.4667039802915100),
(405, 'Воровского', 16, 55.1560239802914900, 61.3943199802915100),
(406, 'Цвиллинга', 25, 55.1662109802915000, 61.4058319802915100),
(407, 'Свободы 32', 5, 55.1672159802914900, 61.4118749802915100),
(408, 'Молодогвардейцев', 23, 55.1986629802914900, 61.3346709802915000),
(409, 'Пушкина', 60, 55.1609219802914900, 61.4102239802915100),
(410, 'Свердловский пр.', 59, 55.1660369802914900, 61.3923239802915000),
(411, 'Свердловский пр.', 51, 55.1703789802915000, 61.3914089802915000),
(412, '40 лет Победы', 30, 54.9634140000000100, 60.4111720000000000),
(413, 'Куйбышева', 51, 55.1989429802915000, 61.3445039802915000),
(414, 'Татьяничевой', 9, 55.1524369802914900, 61.3697539802915100),
(415, 'Барбюса', 132, 55.1330609802915000, 61.4286719802915000),
(417, 'Каслинская', 24, 55.1922809802915000, 61.3922349802915000),
(87, 'Худякова', 13, 55.1486929802915000, 61.3770069802915000),
(88, 'Кирова', 167, 55.1629999802915000, 61.4027929802915000),
(418, '8 Марта', 108, 55.1748599802915000, 61.3874349802915100),
(421, 'Комарова', 127, 55.1802929802914900, 61.4618959802915000),
(422, 'Комсомольский пр.', 93, 55.1953379802914900, 61.3065559802915000),
(423, 'Танкистов', 189, 55.1677049802915000, 61.4694199802915100),
(424, 'Косарева', 52, 55.1810979802915000, 61.3733029802915000),
(425, 'Цвиллинга', 5, 55.1685279802915000, 61.4053209802915000),
(426, 'Володарского', 50, 55.1601209802915000, 61.3864609802915000),
(427, 'Троицкая', 1, 55.1273769802915000, 61.3767089802915000),
(428, '40 лет Победы', 29, 54.9634140000000100, 60.4111720000000000),
(429, '1-ая Окружная', 3, 55.1458060000000000, 61.4020881999999900),
(430, 'Героев Танкограда', 63, 55.1762919802915000, 61.4528839802915000),
(431, 'Свободы', 83, 55.1664499802915000, 61.4131209802915100),
(432, 'Советская', 34, 55.1653509802914900, 61.4072379802915100),
(100, 'Энгельса', 42, 55.1560719802914900, 61.3820929802915100),
(433, 'Бр.Кашириных', 85, 55.3186459999999900, 61.5909059999999900),
(434, 'Чичерина', 22, 55.1852239802915000, 61.2882899802915000),
(435, 'Академика Королева', 3, 55.1639709802915100, 61.3013309802915000),
(436, 'Ленина', 26, 55.1629219802914900, 61.4360569802915000),
(437, 'Масленникова', 9, 55.1182039802915000, 61.4660269802915100),
(440, 'пр. Ленина', 40, 55.1623729802915000, 61.4165019802915100),
(441, 'Береговая 32-А', 1, 55.1818509802914900, 61.4033519802915100),
(442, 'Свободы', 66, 55.1622789802915100, 61.4123909802915000),
(443, 'Молодогвардейцев', 64, 55.1761307302915000, 61.3364533302915000),
(444, 'Плеханова', 14, 55.1574899802915000, 61.4178029802915000),
(445, 'Университетская набережная', 32, 55.1762879802915000, 61.3483749802915000),
(446, 'Степана Разина', 4, 54.0808529802915000, 61.5623779802915000),
(447, 'Карла Маркса', 38, 55.1671949802915000, 61.4130799802915000),
(448, 'Сони Кривой', 69, 55.1585179802915000, 61.3781319802915100),
(449, 'Клары Цеткин', 11, 55.1677779802915000, 61.3851379802915100),
(450, 'Марченко', 13, 55.1719709802914900, 61.4643639802915000),
(451, 'Баталова', 17, 55.1305695802915000, 61.4472027302915000),
(452, '40 лет Победы', 33, 54.9634140000000100, 60.4111720000000000),
(453, 'С.Кривой', 69, 55.1585179802915000, 61.3781319802915100),
(454, 'Энгельса', 23, 55.1633444802915000, 61.3823306302915000),
(455, 'Бажова', 91, 55.1828039802915000, 61.4544959802915000),
(456, 'пр. Ленина', 63, 55.1610769802915000, 61.3941379802915000),
(457, 'Кирова', 139, 55.1674779802914900, 61.4022359802915000),
(458, 'пр. Ленина', 2, 55.1623709802915100, 61.4648799802915100),
(459, 'Елькина', 45, 55.1629629802915000, 61.4001009802915000);

-- --------------------------------------------------------

--
-- Table structure for table `cafes`
--

CREATE TABLE IF NOT EXISTS `cafes` (
  `id` int(10) NOT NULL AUTO_INCREMENT,
  `name` varchar(50) COLLATE utf8_unicode_ci NOT NULL,
  `phones` varchar(30) COLLATE utf8_unicode_ci DEFAULT NULL,
  `avg_price` smallint(6) DEFAULT NULL,
  PRIMARY KEY (`id`),
  UNIQUE KEY `name` (`name`)
) ENGINE=InnoDB  DEFAULT CHARSET=utf8 COLLATE=utf8_unicode_ci AUTO_INCREMENT=460 ;

--
-- Dumping data for table `cafes`
--

INSERT INTO `cafes` (`id`, `name`, `phones`, `avg_price`) VALUES
(1, 'Abyss', ' (351) 796-56-21, 796-56-23', 500),
(2, 'Bad Gastein', ' 265-93-92', 1000),
(3, 'Belfast', ' 22-64-48', 500),
(4, 'Cafe Vintage', ' 256-77-06', 1000),
(5, 'Coco Bongo', ' (351) 270-36-70', 500),
(6, 'Dekameron', ' 262-83-50', 500),
(7, 'D`or', NULL, 500),
(8, 'Fox&Goose', ' 264-37-90', 500),
(9, 'Galleria Venezia', ' (351) 237-63-17, 237-65-87', 1000),
(10, 'IL GUSTO', ' 775-11-66', 500),
(11, 'Jackson`s bar&grill ', NULL, 500),
(12, 'Karma', ' (351) 727-84-95', 500),
(13, 'King`s Cross', ' 237-82-05', 500),
(14, 'La Cucaracha ', ' 230-12-19', 500),
(15, 'Las Margaritas', ' 247-46-18', 500),
(16, 'Only', ' 266-20-02', 500),
(17, 'Papa Carlo', ' 260-18-92', 500),
(18, 'Saigon', '796-08-56', 500),
(37, 'Soho-bar', NULL, 500),
(38, 'Sушка', ' 264-36-16', 500),
(39, 'Tobacco', ' 262-29-67', 500),
(40, 'Victoria Gourment', NULL, 500),
(41, 'VINTAGE', ' 265-83-38', 500),
(42, 'Voice', ' 65-44-51', 2500),
(43, 'Wall Street ', NULL, 500),
(44, 'Western', ' 731-22-61', 1000),
(45, 'Wok-cafe', ' (351) 245-26-46', 1000),
(46, 'Yoko Bank`a', ' 262-88-55', 500),
(47, 'ZanziBar', ' 231-56-18', 500),
(48, 'Авиньон', ' (351) 263-73-81', 500),
(49, 'Амазонка', ' (351) 263-63-30', 500),
(50, 'Антипаб Russ-House [Изба]', NULL, 500),
(51, 'Арго', ' (351) 775-31-40', 500),
(52, 'Аристократ', ' 264-36-03', 1000),
(53, 'Астория', NULL, 500),
(54, 'Белая лошадь', '264-52-21', 500),
(57, 'Болгарский дом', NULL, 500),
(58, 'Боулинг клуб', NULL, 500),
(59, 'Васаби', ' 265-95-92', 500),
(60, 'Винил-Кафе', ' 247-45-45', 500),
(61, 'Гамбринус', NULL, 500),
(62, 'ГлавПивТрест', ' (351) 741-69-17, 263-06-05', 500),
(63, 'Грильяж', ' 741-22-51', 500),
(64, 'Гулливер', ' 791-38-75', 500),
(65, 'Дежа Вю', NULL, 500),
(66, 'Дракон', ' (351) 794-05-87', 500),
(67, 'Едок', ' 779-32-88', 1000),
(68, 'Ермак', ' (351) 261-01-75', 500),
(69, 'Журавлина', ' 248-05-63', 500),
(70, 'Замок Атоса', NULL, 500),
(71, 'Золотая Русь', ' 741-34-59, 741-15-32', 500),
(72, 'Золотой теленок', NULL, 500),
(73, 'Кавказская кухня', ' 731-60-80', 500),
(74, 'КамIN', ' (351) 283-26-61', 1000),
(75, 'Капитан Флинт', NULL, 500),
(76, 'Кекс', '247-46-18', 1000),
(77, 'Клеопатра', ' 264-00-01', 500),
(78, 'Кофеин', NULL, 500),
(79, 'Лайма', NULL, 500),
(80, 'Лаки Смайл', ' 265-55-66', 500),
(81, 'Лион', ' (351) 772-99-56', 500),
(82, 'Людмила', '772-76-38, 772-76-46', 500),
(83, 'Малибу', ' 798-52-78', 200),
(84, 'Маркштадт', ' (351) 247-53-53', 500),
(85, 'Масляница', ' 235-22-71', 500),
(86, 'Мистер Икс', '798-98-99, 741-20-16', 1000),
(87, 'На старом месте', '2-150-170, 2-150-182', 500),
(88, 'Немо', '263-44-05', 500),
(89, 'Ново Кафе', ' (351) 798-46-18, 792-21-81', 500),
(90, 'Одиссей', ' 724-23-98', 500),
(91, 'Остап Бендер', ' 796-50-88', 500),
(92, 'Отдых', NULL, 500),
(93, 'Пантагрюэль', ' 263-60-23', 500),
(94, 'Патриот', ' 794 62 79', 500),
(96, 'Причал', ' (351) 260-18-92', 1000),
(97, 'Ребрышковая', ' (351) 220-00-02', 500),
(98, 'Ричард', ' (351) 793-10-57', 500),
(99, 'Робин-Бобин ', ' 263-76-63', 500),
(100, 'Севан', ' 778-15-51, 262-88-08', 500),
(101, 'Сицилия', '263-15-54, 8-922-711-98-15', 500),
(102, 'Сова', ' 264-55-88', 500),
(103, 'Солярис', ' 775-16-96, 775-16-97, 231-08-', 500),
(104, 'Старая команда', ' 775-35-00', 500),
(105, 'Сфера', NULL, 500),
(106, 'Товарищ', ' (351) 245-25-55', 500),
(107, 'Уральские пельмени', ' 265-95-91', 500),
(114, '007', '21-91-007, 21-92-007', 300),
(115, '2 Этаж', '7777-8-22', 300),
(116, '4 сезона', '283-76-15', 300),
(117, 'A-café', '210-00-25, 8-919-115-76-08', 100),
(118, 'Acafe', '211-65-65', 300),
(119, 'Al Capone', '727-13-01, 727-50-70', 300),
(120, 'Alexander Home RestoBar и Легенда Bar', '777-77-87', 400),
(121, 'Ambassador', '779-31-00', 300),
(122, 'Attimo', '233-77-46', 400),
(123, 'Baccara', NULL, 300),
(124, 'Barbaris', '777-48-29 ,237-05-32', 500),
(125, 'Best Seller', '729-34-36, 8-951-812-51-15', 300),
(126, 'Borgo', '263-41-28', 400),
(127, 'Brooklyn', '200-44-40', 100),
(128, 'Chinggis Khaan', '219-50-51, 8-922-632-49-30', 100),
(152, 'D-club', NULL, 400),
(153, 'Da Vinci', '218-92-08', 400),
(154, 'Deja-Vu', '263-56-69', 500),
(155, 'Dirigeable', '281-10-03', 500),
(156, 'Do-re-mi', '200-44-40', 100),
(157, 'Donald', '223-35-35', 300),
(158, 'Family Grill', '283-03-07, 220-11-52, +7 (919)', 300),
(159, 'Gold Sky', NULL, 100),
(160, 'Granat', '8-950-739-71-11, 776-61-28', 500),
(161, 'Grand Royal', '24-009-00, 21-020-21', 400),
(162, 'GRAND кафе', '263-56-69', 500),
(163, 'Green Pelican Pub', '776-22-72, 8-908-066-99-99', 500),
(164, 'Gusto Место', '223-23-74, 8-912-891-99-19, 8-', 100),
(167, 'ItiKan', '218-40-78, 777-52-36', 200),
(168, 'Jackson''s bar&grill', '771-59-13, 771-59-15', 500),
(169, 'Kamakura', '265-79-95', 100),
(170, 'King’s Cross', '260-18-92', 100),
(171, 'Koonjoot', '750-26-39', 200),
(172, 'Lion', '772-99-56', 200),
(173, 'Lucky Smile', '265-55-66', 200),
(174, 'Martinn', '778-63-15, 248-90-72', 200),
(175, 'Meet.Point', '265-85-46; 220-49-48', 300),
(179, 'Mix Pizza', '775-17-56, 225-03-60', 200),
(180, 'Moravský vrabec', '265-93-83 (бронирование столик', 400),
(181, 'Moskva', NULL, 300),
(182, 'NikaBowl', '200-44-40', 300),
(183, 'Oscar', '22-000-84', 300),
(184, 'Over Time', '219-777-3', 100),
(185, 'O`K', '261-83-15, 270-51-94', 500),
(186, 'Panini', '211-34-16', 100),
(187, 'Pasta Wok', '236-000-3', 300),
(188, 'Pizza House', '265-93-00', 200),
(189, 'Pizza дня', '211-65-65', 300),
(190, 'Portofino', '263-07-78', 300),
(191, 'POSTMAN CATERING', 'Подробности и заказ банкетов: ', 100),
(192, 'Pretty Betty', '263-76-63 (Кирова), 216-16-38 ', 100),
(193, 'PRO-SUSHI', '7-504-504, 7-506-506', 100),
(194, 'R.E.D.', '+7-922-720-21-26', 500),
(195, 'Red Lion', '211-00-27, +7-912-779-27-85', 100),
(196, 'Redactor', '200-42-05', 500),
(197, 'ROME', NULL, 400),
(198, 'Roxy Bar', NULL, 400),
(199, 'SanRemo', '22-515-11', 500),
(200, 'SAO TAO', '272—01-20, 771-54-17', 200),
(201, 'Satori', '200-44-40', 200),
(202, 'Serenada', '8-908-041-38-80, 777-48-03', 500),
(203, 'Shury Mury', '266-65-23', 200),
(204, 'Soho Bar', '(351) 231-42-96 , 210-00-20', 200),
(205, 'Soprano', '777-81-81, 777-88-22', 300),
(206, 'Story', '8-922-74-077-54', 300),
(209, 'SunTera', '8-922-739-77-29', 500),
(210, 'TUSSE', '247-46-40, 8-912-8-9999-80', 300),
(211, 'Virginia', 'с 10:00-12:00 721-72-86, с 12:', 300),
(212, 'Vizant', '269-39-69', 300),
(213, 'World Trade Center', '+7 912 312-49-51', 400),
(214, 'Аврора', '776-76-99, 256-13-63', 500),
(215, 'Автограф', '729-82-29', 300),
(216, 'Адмирал', '232-29-50, 8-950-741-54-75', 500),
(217, 'Академия суши', '263-02-51', 500),
(218, 'Алмаз', '256-14-87, Заказ банкета 8-963', 300),
(219, 'Арагац', '271-83-30', 100),
(220, 'Баклажан', '750-13-50, 750-11-50', 500),
(223, 'Балкан Гриль', '265-86-46', 500),
(224, 'Блин street', '8-922-722-40-72', 300),
(225, 'Боярская станица', '8-922-720-20-35', 300),
(226, 'Брудершафт', '211-65-66', 200),
(227, 'Веранда', '263-66-57, 215-66-61', 400),
(228, 'Веселый кабан', '265-82-80', 100),
(229, 'Гости', '777-79-67', 500),
(230, 'Гранд отель «ВИДГОФ»', '724-40-00, 220-00-00', 500),
(231, 'Джеймс Батлер', '233-55-01, 225-11-33', 300),
(232, 'Зебра', '283-77-00', 500),
(238, 'Караван-Сарай', '211-65-65', 400),
(239, 'Карамель', NULL, 400),
(240, 'Козловица', '272-02-63, 272-02-64', 100),
(241, 'Компания друзей', '245-08-58, +7 922 720 21 26', 300),
(242, 'Корс', '790-63-40', 200),
(243, 'Купол', '724-40-00, 220-00-00', 500),
(244, 'Кураж', '220-30-00', 300),
(245, 'Лапшичная № 1 Pasta Wok', '236-000-3', 100),
(246, 'Лунный свет', '222-02-35', 200),
(247, 'Мамина кухня', '720-48-99, 8-351-903-48-50', 100),
(248, 'Мегалэнд', NULL, 300),
(249, 'Мелиот', '225-11-00, +7 950 725-11-00', 300),
(254, 'Ничего личного', '222-02-37', 200),
(255, 'Ну', NULL, 300),
(256, 'О.Бендеръ', '796-50-88, 797-83-29, 8-982-11', 500),
(257, 'Папина кухня', '8-351-903-48-50', 200),
(258, 'Пицца Roma', '272-01-20, 771-54-17', 500),
(259, 'Пиццамания', 'Челябинск  (351) 267-11-68, 26', 300),
(260, 'Победа', '772-81-28, 8-952-501-9296', 400),
(266, 'Потерянное общество', '220-11-51', 500),
(267, 'Премьер', '264-47-44', 300),
(268, 'Променад', '265-06-37', 300),
(269, 'Пятница', NULL, 500),
(270, 'Рояль', NULL, 200),
(271, 'Сахар', '211-65-65', 200),
(272, 'Славянка', '775-29-50, 775-29-51', 400),
(273, 'Смена', '774-56-46', 500),
(274, 'Старый Ереван', '265-30-31', 500),
(279, 'Сытый самурай', '233-62-15, 731-58-18', 500),
(280, 'ТориС', NULL, 300),
(281, 'Трактир на Горького', '774-56-46', 200),
(282, 'Трактор', '8 950 740 88 55', 200),
(283, 'Утес', '726-95-27, 726-98-64', 100),
(284, 'Хайям', '272-00-22', 200),
(285, 'Чайхана', '263-50-65', 500),
(286, 'Челяба', '22-33-180, 8-951-785-25-24', 200),
(287, 'Шерхан', '233-14-14', 100),
(288, 'Эсмеральда', '776-4-999', 300),
(289, '3D club', NULL, 400),
(290, '7 Пятниц', '8-904-972-77-88', 300),
(294, 'Angel', '264-57-14, 220-03-00', 400),
(295, 'AngelA', '217-06-00', 500),
(296, 'BakerStreet', '8-912-791-73-55', 100),
(297, 'Barbaresco', '231-82-82', 400),
(298, 'Basilio', '235-64-33, 210-24-29', 400),
(299, 'Belochka', '222-40-35', 400),
(300, 'Blueberry', '777-48-06', 300),
(301, 'Brumby', '211-13-11, 211-32-44', 300),
(302, 'Bukowski', NULL, 400),
(303, 'Cabaret', '225-11-25', 200),
(304, 'Carlson', '776-51-27', 200),
(305, 'Chalet', '232-19-48', 500),
(306, 'Chin-Chin', '265-22-57, 215-79-09', 400),
(307, 'Chinese Rose', '240-03-20', 200),
(308, 'Citybar', '700-00-13', 400),
(309, 'Cloks', '777-85-56', 100),
(310, 'Coolbikes', '263-53-77', 100),
(311, 'DJ Gold', '248-49-29', 500),
(312, 'Ellada Gold', '283-03-73', 200),
(313, 'Escobar', NULL, 100),
(314, 'Food Service', NULL, 400),
(315, 'Fox & Goose', '264-37-90', 400),
(316, 'FunQ', NULL, 400),
(317, 'Gallery', NULL, 300),
(318, 'Gastroinox', NULL, 100),
(319, 'Golden Buddha', NULL, 100),
(320, 'Jagger', NULL, 500),
(321, 'Jazz-bar', NULL, 100),
(322, 'Kagawa.ru', '734-94-84', 300),
(323, 'Kalipso', '776-95-03', 200),
(324, 'Katsura', '750-99-19', 100),
(325, 'KillFish', '8-800-333-09-77', 500),
(326, 'La fleur de ПРОВАНС', '261-13-56', 400),
(327, 'Liverpool', NULL, 200),
(328, 'Mad Flat', '264-21-59', 200),
(329, 'MasterGlass – Челябинск (Дион)', NULL, 100),
(330, 'Maximillians', NULL, 400),
(331, 'Mc Burger', '219-01-05', 200),
(332, 'McQueen', '751-23-42', 500),
(333, 'Megami', '740-55-12, 236-56-56', 100),
(335, 'Mini Panini', '223-62-83', 200),
(336, 'Mirage', '8 951 800 80 80', 200),
(337, 'New Time', NULL, 300),
(338, 'Noodles bar', '263-66-38', 500),
(339, 'OVO', '233-03-50', 200),
(340, 'Parasole', '247-18-55', 200),
(341, 'Paulaner', '2-168-888', 300),
(342, 'People', '260-92-87', 200),
(343, 'Peperoni', NULL, 500),
(344, 'Pro-cards', NULL, 500),
(345, 'Red Crystall', '270-15-70', 300),
(346, 'Red Hall', '246-55-55, 264-20-98 (банкетна', 300),
(347, 'RestoPizza', '270-60-66', 200),
(348, 'Shizgara', NULL, 500),
(349, 'SmolinoPark', '729-82-29', 500),
(350, 'Sofa', '8-919-112-13-13', 400),
(351, 'Sorry', NULL, 400),
(352, 'Sound-Box', NULL, 400),
(353, 'Steakman', NULL, 100),
(354, 'Stolle', '265-53-37, 265-54-11', 300),
(356, 'Sunny', NULL, 300),
(357, 'The Бочка', '270-81-99, резерв столиков - 7', 400),
(358, 'UltraScan', NULL, 200),
(359, 'Vega', NULL, 400),
(360, 'Victoria', '21-000-20', 100),
(361, 'YakiRu', '21-555-77', 400),
(362, 'Zoller-hof', '225-19-51', 200),
(363, 'Абела', '8(351)248-90-47, 89193260235', 300),
(364, 'Аллигатор', NULL, 200),
(365, 'Амигос', '225-11-25', 200),
(366, 'Анталия', '263-31-38', 100),
(368, 'Бавария', '720-04-24, 248-90-72', 200),
(369, 'Бамбучо', NULL, 100),
(370, 'Бар-Стиль', NULL, 200),
(371, 'Баязет', NULL, 200),
(372, 'Белый замок', '777-63-83', 200),
(373, 'Бешеная собака', '240-20-00', 100),
(374, 'Библиотека пива', '8-902-604-45-66', 400),
(375, 'БонБон', '265-09-08', 200),
(376, 'Браво', '772-42-73', 300),
(377, 'Братья Чипполини', '22-33-983, 8-912-802-59-30', 400),
(378, 'Вареничная хата', '2-57-44-34', 100),
(379, 'Вербена', '257-76-41', 300),
(380, 'Веста Пицца', NULL, 500),
(381, 'Гоара', NULL, 100),
(382, 'Греко', '8-963-088-92-21, 8-951-116-71-', 200),
(383, 'Дастархан', '225-11-25', 400),
(384, 'ДекоЛь', NULL, 500),
(385, 'ДисКард', NULL, 400),
(386, 'Додо Пицца', '8-800-333-00-60', 100),
(388, 'Дружба', NULL, 500),
(389, 'За Утесом', '8-982-333-33-63', 400),
(390, 'Зазеркалье', '263-73-72, 233-23-20', 300),
(391, 'Заповедник', NULL, 100),
(392, 'Запой', NULL, 300),
(393, 'Запятая', '750-28-99', 200),
(394, 'Золотая Нива', '271-87-16, 8-908-583-59-60', 100),
(395, 'Золотое руно', '8 912-311-111-7, 8-951-479-99-', 500),
(396, 'Изба', '778-51-00', 400),
(397, 'Икорный бар', NULL, 100),
(398, 'Июнь', '721-07-60', 400),
(399, 'КаБаРе', NULL, 300),
(400, 'Карамболь', '278-71-20', 100),
(401, 'Кит', '252-68-34, 223-29-33', 300),
(402, 'Комплекс-Бар', NULL, 100),
(403, 'Корица', '8-909-074-77-55', 500),
(404, 'Купеческий двор', '223-73-11, 254-41-23', 500),
(405, 'Кухня.ru', '235-40-03; 8(908)085-40-03', 400),
(406, 'КХЛ', '215-91-91', 200),
(407, 'Либерти', '268-05-95, 8-908-055-77-17', 400),
(408, 'Лидия', '742-92-58; 8-963-465-98-96', 100),
(409, 'Мамонт', NULL, 100),
(410, 'Мега Чел', '266-70-01, 266-47-40', 300),
(411, 'Мегаполис', NULL, 300),
(412, 'Мерси', '8-909-087-95-32', 100),
(413, 'Место Встречи', '8-950-738-62-70, 8-951-261-16-', 100),
(414, 'Миракс', NULL, 100),
(415, 'Муш', NULL, 200),
(417, 'На Каслинской', '8-952-521-93-08, 8-951-776-34-', 400),
(418, 'Падишах', '791-99-22', 500),
(421, 'Пиццбург', '243-03-92, 740-63-42', 500),
(422, 'Пиццевиль', '792-96-63', 200),
(423, 'Пиццирина', '776-33-81, 8 908-04-08-442, 8 ', 200),
(424, 'Позитив', NULL, 100),
(425, 'Посиделки', '750-02-95', 100),
(426, 'ПринтЛайн', NULL, 200),
(427, 'Прокси-Сервис', NULL, 100),
(428, 'Радуга', '281-54-40', 100),
(429, 'Рапсодия', '230-92-48, 8-961-792-5238', 200),
(430, 'Резиденция', '725-90-79', 400),
(431, 'Светлана', '267-08-41', 400),
(432, 'Своя компания', '72-777-94; 225-26-97', 200),
(433, 'Сёгун', '23-903-77', 100),
(434, 'Сеймур', '8-906-894-70-54', 300),
(435, 'Сели Съели', '22-00-567', 400),
(436, 'Сенатор', NULL, 500),
(437, 'Славяночка', '253-04-56', 100),
(440, 'Слон', '263-96-73', 500),
(441, 'Созвездие', NULL, 100),
(442, 'Старая Италия', NULL, 100),
(443, 'Старый градъ', '225-46-73', 200),
(444, 'Тайм-аут', '263-83-90', 400),
(445, 'Тамада', NULL, 500),
(446, 'Тамле', '261-40-18, 8-908-57-85-577', 500),
(447, 'Танцор Диско', '239-93-44, 215-46-50', 200),
(448, 'Топка', '219-05-24', 400),
(449, 'Торговый Дизайн', NULL, 300),
(450, 'Три апельсина', '8-922-231-09-54; 8-922-239-33-', 100),
(451, 'Триумф', NULL, 500),
(452, 'Тутти-фрутти', '280-71-48', 300),
(453, 'Фанера', NULL, 300),
(454, 'Флирт', NULL, 200),
(455, 'ХиТ (Холод и Тепло)', NULL, 500),
(456, 'Хит пицца', NULL, 400),
(457, 'Цыплята табака', '266-14-85', 300),
(458, 'Челябторгтехника', NULL, 100),
(459, 'Чудо Печь', '263-85-44', 500);

-- --------------------------------------------------------

--
-- Table structure for table `cafe_types`
--

CREATE TABLE IF NOT EXISTS `cafe_types` (
  `id` smallint(6) NOT NULL AUTO_INCREMENT,
  `name` varchar(20) COLLATE utf8_unicode_ci NOT NULL,
  PRIMARY KEY (`id`),
  UNIQUE KEY `name` (`name`)
) ENGINE=InnoDB  DEFAULT CHARSET=utf8 COLLATE=utf8_unicode_ci AUTO_INCREMENT=17 ;

--
-- Dumping data for table `cafe_types`
--

INSERT INTO `cafe_types` (`id`, `name`) VALUES
(10, 'банкетный зал'),
(3, 'бар'),
(12, 'бильярд'),
(16, 'боулинг'),
(7, 'доставка'),
(6, 'караоке'),
(2, 'кафе'),
(15, 'кондитерская'),
(9, 'кофейня'),
(11, 'ночной клуб'),
(8, 'паб'),
(14, 'пироги'),
(5, 'пиццерия'),
(13, 'развлекательный комп'),
(1, 'ресторан'),
(4, 'суши');

-- --------------------------------------------------------

--
-- Table structure for table `cuisines`
--

CREATE TABLE IF NOT EXISTS `cuisines` (
  `id` int(10) NOT NULL AUTO_INCREMENT,
  `cafe_id` int(10) NOT NULL,
  `cuisine_id` smallint(6) NOT NULL,
  PRIMARY KEY (`id`),
  UNIQUE KEY `cafe_id` (`cafe_id`,`cuisine_id`),
  KEY `cuisine_id` (`cuisine_id`)
) ENGINE=InnoDB DEFAULT CHARSET=utf8 COLLATE=utf8_unicode_ci;

--
-- Dumping data for table `cuisines`
--

INSERT INTO `cuisines` (`cafe_id`, `cuisine_id`) VALUES
(226, 1),
(348, 1),
(411, 1),
(5, 2),
(9, 2),
(79, 2),
(80, 2),
(87, 2),
(101, 2),
(115, 2),
(121, 2),
(163, 2),
(191, 2),
(194, 2),
(196, 2),
(203, 2),
(215, 2),
(230, 2),
(243, 2),
(244, 2),
(246, 2),
(309, 2),
(349, 2),
(375, 2),
(437, 2),
(440, 2),
(452, 2),
(8, 3),
(152, 3),
(287, 3),
(288, 3),
(295, 3),
(352, 3),
(7, 4),
(81, 4),
(91, 4),
(118, 4),
(191, 4),
(266, 4),
(332, 4),
(436, 4),
(105, 5),
(127, 5),
(156, 5),
(168, 5),
(182, 5),
(183, 5),
(188, 5),
(192, 5),
(300, 5),
(386, 5),
(170, 6),
(310, 6),
(381, 6),
(11, 7),
(46, 7),
(78, 7),
(100, 7),
(103, 7),
(160, 7),
(202, 7),
(211, 7),
(256, 7),
(260, 7),
(274, 7),
(327, 7),
(339, 7),
(351, 7),
(395, 7),
(397, 7),
(17, 8),
(48, 8),
(72, 8),
(128, 8),
(161, 8),
(171, 8),
(212, 8),
(220, 8),
(272, 8),
(284, 8),
(380, 8),
(410, 8),
(425, 8),
(18, 9),
(43, 9),
(455, 9),
(84, 10),
(90, 10),
(92, 10),
(198, 10),
(312, 10),
(337, 10),
(388, 10),
(77, 11),
(242, 11),
(270, 11),
(281, 11),
(319, 11),
(53, 12),
(85, 12),
(99, 12),
(126, 12),
(158, 12),
(317, 12),
(384, 12),
(18, 13),
(39, 13),
(41, 13),
(52, 13),
(54, 13),
(65, 13),
(66, 13),
(76, 13),
(86, 13),
(87, 13),
(114, 13),
(115, 13),
(116, 13),
(117, 13),
(118, 13),
(119, 13),
(120, 13),
(121, 13),
(122, 13),
(124, 13),
(125, 13),
(127, 13),
(128, 13),
(153, 13),
(154, 13),
(155, 13),
(156, 13),
(157, 13),
(160, 13),
(161, 13),
(162, 13),
(163, 13),
(164, 13),
(170, 13),
(171, 13),
(172, 13),
(173, 13),
(174, 13),
(175, 13),
(179, 13),
(182, 13),
(183, 13),
(184, 13),
(185, 13),
(186, 13),
(189, 13),
(191, 13),
(194, 13),
(195, 13),
(196, 13),
(199, 13),
(202, 13),
(203, 13),
(204, 13),
(206, 13),
(210, 13),
(212, 13),
(213, 13),
(214, 13),
(215, 13),
(216, 13),
(218, 13),
(220, 13),
(226, 13),
(227, 13),
(228, 13),
(230, 13),
(231, 13),
(241, 13),
(242, 13),
(243, 13),
(244, 13),
(246, 13),
(249, 13),
(254, 13),
(256, 13),
(257, 13),
(259, 13),
(260, 13),
(266, 13),
(267, 13),
(271, 13),
(272, 13),
(282, 13),
(283, 13),
(286, 13),
(290, 13),
(294, 13),
(295, 13),
(296, 13),
(301, 13),
(303, 13),
(304, 13),
(305, 13),
(308, 13),
(311, 13),
(315, 13),
(321, 13),
(322, 13),
(323, 13),
(325, 13),
(326, 13),
(328, 13),
(331, 13),
(333, 13),
(336, 13),
(338, 13),
(339, 13),
(342, 13),
(345, 13),
(346, 13),
(349, 13),
(350, 13),
(354, 13),
(357, 13),
(360, 13),
(365, 13),
(368, 13),
(372, 13),
(373, 13),
(375, 13),
(376, 13),
(377, 13),
(378, 13),
(382, 13),
(389, 13),
(390, 13),
(393, 13),
(394, 13),
(395, 13),
(396, 13),
(398, 13),
(399, 13),
(403, 13),
(406, 13),
(407, 13),
(410, 13),
(413, 13),
(417, 13),
(421, 13),
(422, 13),
(425, 13),
(428, 13),
(429, 13),
(430, 13),
(434, 13),
(435, 13),
(447, 13),
(448, 13),
(450, 13),
(457, 13),
(459, 13),
(4, 14),
(12, 14),
(62, 14),
(424, 14),
(12, 15),
(57, 15),
(64, 15),
(68, 15),
(93, 15),
(359, 15),
(97, 16),
(232, 16),
(314, 16),
(318, 16),
(5, 17),
(101, 17),
(104, 17),
(119, 17),
(120, 17),
(126, 17),
(153, 17),
(169, 17),
(175, 17),
(183, 17),
(184, 17),
(186, 17),
(187, 17),
(189, 17),
(190, 17),
(199, 17),
(202, 17),
(205, 17),
(230, 17),
(241, 17),
(243, 17),
(244, 17),
(245, 17),
(258, 17),
(259, 17),
(268, 17),
(297, 17),
(332, 17),
(335, 17),
(338, 17),
(340, 17),
(347, 17),
(377, 17),
(421, 17),
(422, 17),
(429, 17),
(432, 17),
(433, 17),
(449, 17),
(450, 17),
(452, 17),
(60, 18),
(98, 18),
(202, 18),
(219, 18),
(280, 18),
(370, 18),
(434, 18),
(12, 19),
(66, 19),
(181, 19),
(187, 19),
(245, 19),
(306, 19),
(307, 19),
(15, 20),
(45, 20),
(66, 20),
(12, 21),
(107, 21),
(289, 21),
(344, 21),
(61, 22),
(183, 22),
(184, 22),
(255, 22),
(303, 22),
(313, 22),
(365, 22),
(427, 22),
(187, 23),
(245, 23),
(302, 23),
(102, 24),
(158, 24),
(415, 24),
(87, 25),
(106, 25),
(226, 25),
(341, 25),
(362, 25),
(406, 25),
(12, 26),
(385, 26),
(118, 27),
(320, 27),
(329, 27),
(332, 27),
(6, 28),
(44, 28),
(248, 28),
(358, 28),
(374, 28),
(414, 28),
(13, 29),
(51, 29),
(239, 29),
(284, 29),
(16, 30),
(66, 30),
(82, 30),
(86, 30),
(94, 30),
(96, 30),
(100, 30),
(117, 30),
(122, 30),
(124, 30),
(159, 30),
(160, 30),
(161, 30),
(163, 30),
(164, 30),
(169, 30),
(174, 30),
(183, 30),
(185, 30),
(194, 30),
(196, 30),
(197, 30),
(202, 30),
(203, 30),
(210, 30),
(215, 30),
(220, 30),
(224, 30),
(225, 30),
(227, 30),
(229, 30),
(231, 30),
(241, 30),
(242, 30),
(260, 30),
(272, 30),
(273, 30),
(274, 30),
(281, 30),
(282, 30),
(285, 30),
(286, 30),
(287, 30),
(303, 30),
(326, 30),
(332, 30),
(342, 30),
(346, 30),
(349, 30),
(354, 30),
(357, 30),
(360, 30),
(363, 30),
(368, 30),
(372, 30),
(373, 30),
(379, 30),
(382, 30),
(389, 30),
(390, 30),
(393, 30),
(395, 30),
(396, 30),
(400, 30),
(401, 30),
(404, 30),
(405, 30),
(406, 30),
(407, 30),
(408, 30),
(417, 30),
(423, 30),
(425, 30),
(428, 30),
(429, 30),
(431, 30),
(432, 30),
(435, 30),
(437, 30),
(444, 30),
(448, 30),
(451, 30),
(457, 30),
(459, 30),
(3, 31),
(14, 31),
(223, 31),
(454, 31),
(456, 31),
(42, 32),
(106, 32),
(247, 32),
(39, 33),
(88, 33),
(298, 33),
(299, 33),
(356, 33),
(12, 34),
(37, 34),
(66, 34),
(187, 34),
(245, 34),
(306, 34),
(307, 34),
(364, 34),
(391, 34),
(47, 35),
(63, 35),
(71, 35),
(123, 35),
(392, 35),
(446, 35),
(1, 36),
(40, 36),
(49, 36),
(330, 36),
(343, 36),
(353, 36),
(366, 36),
(453, 36),
(458, 36),
(73, 37),
(96, 37),
(187, 37),
(238, 37),
(245, 37),
(285, 37),
(303, 37),
(369, 37),
(383, 37),
(417, 37),
(418, 37),
(426, 37),
(442, 37),
(445, 37),
(38, 38),
(58, 38),
(74, 38),
(167, 38),
(402, 38),
(59, 39),
(69, 39),
(83, 39),
(89, 39),
(96, 39),
(316, 39),
(350, 39),
(378, 39),
(441, 39),
(121, 40),
(183, 40),
(241, 40),
(268, 40),
(326, 40),
(371, 40),
(375, 40),
(409, 40),
(412, 40),
(67, 41),
(70, 41),
(75, 41),
(180, 41),
(240, 41),
(443, 41),
(2, 42),
(5, 42),
(10, 42),
(12, 42),
(50, 42),
(118, 42),
(119, 42),
(120, 42),
(125, 42),
(156, 42),
(161, 42),
(167, 42),
(169, 42),
(175, 42),
(182, 42),
(184, 42),
(187, 42),
(193, 42),
(194, 42),
(200, 42),
(201, 42),
(209, 42),
(217, 42),
(220, 42),
(226, 42),
(230, 42),
(241, 42),
(243, 42),
(244, 42),
(245, 42),
(269, 42),
(279, 42),
(294, 42),
(303, 42),
(311, 42),
(322, 42),
(323, 42),
(324, 42),
(325, 42),
(332, 42),
(333, 42),
(336, 42),
(338, 42),
(350, 42),
(357, 42),
(361, 42),
(365, 42),
(389, 42),
(398, 42),
(403, 42),
(410, 42),
(432, 42),
(433, 42);

-- --------------------------------------------------------

--
-- Table structure for table `cuisine_types`
--

CREATE TABLE IF NOT EXISTS `cuisine_types` (
  `id` smallint(6) NOT NULL AUTO_INCREMENT,
  `name` varchar(40) COLLATE utf8_unicode_ci NOT NULL,
  PRIMARY KEY (`id`),
  UNIQUE KEY `name` (`name`)
) ENGINE=InnoDB  DEFAULT CHARSET=utf8 COLLATE=utf8_unicode_ci AUTO_INCREMENT=43 ;

--
-- Dumping data for table `cuisine_types`
--

INSERT INTO `cuisine_types` (`id`, `name`) VALUES
(1, 'австрийская'),
(2, 'авторская'),
(3, 'азербайджанская'),
(4, 'азиатская'),
(5, 'американская'),
(6, 'английская'),
(7, 'армянская'),
(8, 'восточная'),
(9, 'вьетнамская'),
(10, 'греческая'),
(11, 'грузинская'),
(12, 'домашняя'),
(13, 'европейская'),
(14, 'индийская'),
(15, 'индонезийская'),
(16, 'интернациональная'),
(17, 'итальянская'),
(18, 'кавказская'),
(19, 'китайская'),
(20, 'корейская'),
(21, 'малазийская'),
(22, 'мексиканская'),
(23, 'монгольская'),
(24, 'мясная'),
(25, 'немецкая'),
(26, 'непальская'),
(27, 'паназиатская'),
(28, 'пацанская'),
(29, 'персидская'),
(30, 'русская'),
(31, 'сербская'),
(32, 'советская'),
(33, 'средиземноморская'),
(34, 'тайская'),
(35, 'татарская'),
(36, 'турецкая'),
(37, 'узбекская'),
(38, 'уйгурская'),
(39, 'украинская'),
(40, 'французская'),
(41, 'чешская'),
(42, 'японская');

-- --------------------------------------------------------

--
-- Table structure for table `types`
--

CREATE TABLE IF NOT EXISTS `types` (
  `id` int(10) NOT NULL AUTO_INCREMENT,
  `cafe_id` int(10) NOT NULL,
  `type_id` smallint(6) NOT NULL,
  UNIQUE KEY `cafe_id` (`cafe_id`,`type_id`),
  PRIMARY KEY (`id`),
  KEY `type_id` (`type_id`)
) ENGINE=InnoDB  DEFAULT CHARSET=utf8 COLLATE=utf8_unicode_ci AUTO_INCREMENT=555 ;

--
-- Dumping data for table `types`
--

INSERT INTO `types` (`cafe_id`, `type_id`) VALUES
(1, 1),
(2, 1),
(3, 3),
(3, 8),
(4, 1),
(5, 3),
(5, 6),
(6, 1),
(7, 1),
(8, 3),
(8, 8),
(9, 1),
(10, 1),
(11, 1),
(12, 1),
(12, 3),
(13, 8),
(14, 1),
(15, 1),
(16, 2),
(17, 5),
(18, 1),
(37, 1),
(38, 3),
(38, 4),
(38, 9),
(39, 3),
(40, 1),
(41, 2),
(42, 1),
(43, 9),
(44, 1),
(45, 1),
(46, 1),
(46, 3),
(46, 4),
(47, 1),
(48, 1),
(48, 9),
(49, 2),
(50, 8),
(51, 2),
(52, 1),
(53, 2),
(54, 2),
(54, 3),
(57, 1),
(58, 3),
(58, 16),
(59, 1),
(60, 2),
(61, 1),
(62, 1),
(63, 1),
(64, 1),
(64, 2),
(65, 3),
(65, 10),
(66, 1),
(67, 1),
(68, 1),
(69, 1),
(70, 1),
(70, 12),
(71, 1),
(72, 1),
(73, 1),
(74, 1),
(74, 3),
(75, 3),
(76, 9),
(77, 1),
(78, 9),
(79, 2),
(80, 5),
(81, 1),
(82, 2),
(83, 1),
(83, 3),
(84, 1),
(84, 3),
(84, 4),
(84, 12),
(85, 2),
(86, 1),
(86, 3),
(87, 1),
(87, 2),
(88, 3),
(89, 2),
(90, 1),
(91, 1),
(92, 2),
(93, 1),
(93, 8),
(94, 1),
(96, 1),
(97, 1),
(98, 1),
(99, 2),
(100, 1),
(100, 9),
(101, 1),
(102, 1),
(103, 1),
(104, 5),
(105, 1),
(106, 1),
(107, 1),
(107, 13),
(114, 13),
(115, 3),
(115, 6),
(116, 5),
(116, 7),
(117, 1),
(118, 1),
(119, 1),
(119, 3),
(119, 7),
(120, 1),
(120, 3),
(120, 10),
(121, 1),
(122, 10),
(123, 3),
(123, 6),
(124, 2),
(124, 3),
(125, 2),
(126, 2),
(126, 7),
(126, 14),
(127, 1),
(128, 1),
(128, 7),
(152, 3),
(152, 11),
(153, 1),
(153, 3),
(154, 1),
(154, 2),
(154, 3),
(154, 11),
(155, 1),
(156, 3),
(156, 6),
(157, 1),
(158, 1),
(159, 2),
(160, 2),
(161, 10),
(162, 2),
(163, 3),
(164, 10),
(167, 2),
(167, 3),
(167, 4),
(167, 7),
(168, 1),
(169, 3),
(169, 4),
(169, 10),
(170, 8),
(171, 2),
(172, 1),
(173, 2),
(174, 2),
(175, 2),
(175, 3),
(179, 5),
(180, 1),
(181, 3),
(181, 11),
(182, 16),
(183, 2),
(184, 1),
(185, 6),
(186, 1),
(187, 2),
(188, 5),
(189, 5),
(190, 1),
(191, 10),
(192, 1),
(193, 3),
(194, 1),
(195, 8),
(196, 1),
(197, 3),
(197, 11),
(198, 3),
(198, 11),
(199, 9),
(200, 1),
(200, 4),
(200, 7),
(201, 1),
(202, 2),
(203, 2),
(204, 1),
(205, 6),
(206, 2),
(209, 1),
(210, 10),
(211, 2),
(212, 1),
(214, 10),
(215, 1),
(216, 1),
(217, 1),
(218, 2),
(219, 1),
(219, 7),
(220, 2),
(220, 3),
(220, 10),
(223, 1),
(226, 1),
(227, 1),
(228, 8),
(229, 1),
(230, 10),
(231, 8),
(232, 2),
(232, 3),
(238, 1),
(240, 1),
(241, 1),
(242, 2),
(243, 1),
(243, 10),
(244, 1),
(244, 3),
(244, 6),
(245, 4),
(245, 7),
(246, 1),
(246, 3),
(247, 2),
(249, 1),
(249, 9),
(249, 10),
(254, 8),
(255, 8),
(256, 1),
(257, 2),
(258, 5),
(259, 5),
(260, 1),
(266, 3),
(267, 1),
(268, 1),
(269, 3),
(270, 3),
(270, 6),
(270, 10),
(271, 9),
(272, 13),
(273, 10),
(274, 2),
(274, 7),
(279, 1),
(280, 13),
(281, 2),
(282, 10),
(283, 2),
(284, 1),
(285, 1),
(286, 8),
(287, 2),
(287, 3),
(288, 1),
(289, 3),
(290, 3),
(294, 2),
(295, 1),
(296, 1),
(296, 3),
(297, 2),
(297, 3),
(298, 1),
(299, 1),
(300, 9),
(301, 1),
(302, 3),
(303, 1),
(304, 2),
(305, 1),
(306, 2),
(307, 1),
(308, 3),
(309, 3),
(310, 3),
(311, 3),
(312, 1),
(313, 2),
(313, 3),
(315, 8),
(318, 1),
(319, 3),
(320, 3),
(321, 3),
(321, 6),
(322, 1),
(323, 2),
(323, 3),
(324, 3),
(324, 4),
(325, 3),
(326, 2),
(326, 15),
(327, 1),
(328, 3),
(330, 1),
(331, 2),
(332, 1),
(332, 3),
(333, 1),
(336, 3),
(336, 11),
(337, 2),
(338, 2),
(339, 2),
(340, 3),
(341, 1),
(342, 2),
(343, 5),
(345, 1),
(346, 1),
(347, 1),
(348, 1),
(348, 6),
(350, 3),
(351, 3),
(353, 1),
(354, 7),
(354, 14),
(356, 2),
(357, 8),
(361, 3),
(361, 4),
(362, 1),
(363, 10),
(364, 3),
(365, 1),
(365, 3),
(366, 1),
(368, 2),
(368, 3),
(369, 2),
(371, 2),
(372, 10),
(373, 3),
(374, 3),
(375, 15),
(376, 2),
(376, 15),
(377, 5),
(377, 9),
(378, 2),
(379, 2),
(379, 3),
(380, 5),
(381, 2),
(382, 2),
(383, 1),
(384, 15),
(386, 1),
(386, 5),
(388, 2),
(388, 3),
(389, 2),
(391, 1),
(392, 3),
(392, 6),
(393, 2),
(394, 2),
(395, 2),
(396, 2),
(397, 1),
(398, 1),
(399, 13),
(400, 3),
(401, 2),
(402, 1),
(402, 3),
(403, 9),
(404, 1),
(405, 15),
(406, 3),
(407, 2),
(407, 3),
(408, 2),
(409, 3),
(410, 3),
(410, 11),
(411, 10),
(411, 12),
(411, 16),
(412, 15),
(413, 10),
(414, 1),
(414, 13),
(415, 2),
(417, 10),
(418, 2),
(421, 5),
(422, 5),
(423, 2),
(425, 1),
(427, 1),
(427, 13),
(428, 2),
(428, 5),
(429, 2),
(429, 3),
(430, 10),
(431, 2),
(432, 1),
(433, 3),
(433, 4),
(434, 2),
(435, 2),
(436, 3),
(437, 2),
(440, 2),
(440, 3),
(442, 9),
(443, 3),
(444, 2),
(444, 3),
(445, 2),
(445, 3),
(446, 1),
(447, 1),
(448, 3),
(449, 1),
(449, 13),
(450, 5),
(451, 2),
(452, 5),
(453, 3),
(453, 6),
(454, 2),
(455, 13),
(456, 5),
(457, 1),
(458, 1),
(458, 13),
(459, 2),
(459, 15);

--
-- Constraints for dumped tables
--

--
-- Constraints for table `addresses`
--
ALTER TABLE `addresses`
  ADD CONSTRAINT `addresses_ibfk_1` FOREIGN KEY (`cafe_id`) REFERENCES `cafes` (`id`);

--
-- Constraints for table `cuisines`
--
ALTER TABLE `cuisines`
  ADD CONSTRAINT `cuisines_ibfk_1` FOREIGN KEY (`cafe_id`) REFERENCES `cafes` (`id`),
  ADD CONSTRAINT `cuisines_ibfk_2` FOREIGN KEY (`cuisine_id`) REFERENCES `cuisine_types` (`id`);

--
-- Constraints for table `types`
--
ALTER TABLE `types`
  ADD CONSTRAINT `types_ibfk_1` FOREIGN KEY (`cafe_id`) REFERENCES `cafes` (`id`),
  ADD CONSTRAINT `types_ibfk_2` FOREIGN KEY (`type_id`) REFERENCES `cafe_types` (`id`);

/*!40101 SET CHARACTER_SET_CLIENT=@OLD_CHARACTER_SET_CLIENT */;
/*!40101 SET CHARACTER_SET_RESULTS=@OLD_CHARACTER_SET_RESULTS */;
/*!40101 SET COLLATION_CONNECTION=@OLD_COLLATION_CONNECTION */;